6222,1615260156000,178
6223,1615260156009,265
6223,1615289796169,273
6222,1615289796240,515
6222,1615289918868,415
6222,1615290079054,315
6222,1615291582165,215
6223,1615302745790,268
6223,1615355450983,263
6223,1615356134384,268
6222,1615375056356,315
6222,1615375712701,415
6223,1615376082608,273
6223,1615377769290,278
6222,1615378212216,515
6222,1615378584101,413
6222,1615378701926,313
6222,1615379385666,213
6222,1615381482279,314
6223,1615387492110,266
6222,1615387492200,212
6223,1615440670140,259
6223,1615441795838,264
6223,1615459622093,271
6222,1615459622158,747
6222,1615459910318,647
6222,1615460141709,547
6222,1615460452406,447
6222,1615461282329,347
6223,1615461671450,266
6222,1615462035057,447
6222,1615462062266,560
6222,1615462087876,663
6223,1615462152350,271
6222,1615462180132,763
6223,1615462453245,276
6222,1615463037410,662
6222,1615463215717,562
6223,1615463374056,271
6222,1615463410913,462
6223,1615465730103,266
6222,1615466616743,362
6222,1615473073528,262
6223,1615531479034,260
6223,1615532633145,265
6223,1615890964844,250
6223,1615891246331,255
6223,1615891467795,260
6223,1615891781857,265
6223,1615895060787,270
6223,1615950702522,265
6223,1615958502648,270
6223,1616031374713,263
6223,1616032013661,268
6223,1616148035619,273
6223,1616176240878,268
6223,1616244575253,273
6223,1616292201053,261
6223,1616292987171,266
6222,1616321447444,362
6222,1616321626953,462
6223,1616321789896,271
6222,1616322042471,562
6223,1616322501490,276
6222,1616322536834,663
6222,1616323011481,563
6222,1616323376220,463
6222,1616324041961,363
6222,1616326858321,263
6223,1616328150005,271
6223,1616330210460,266
6223,1616331204919,271
6222,1616340652334,429
6223,1616340652341,264
6222,1616348018799,329
6223,1616425705335,269
6223,1616468751283,262
6222,1616505813687,429
6223,1616506052353,267
6222,1616506207714,529
6223,1616506569004,272
6222,1616506723299,632
6222,1616507140763,532
6222,1616507304116,432
6222,1616507707391,332
6223,1616512086510,267
6223,1616563746331,260
6223,1616564730368,265
6223,1616590966138,270
6223,1616592004088,275
6223,1616598219050,268
6222,1616598317100,432
6222,1616598876350,332
6223,1616599135144,273
6223,1616600666144,268
6222,1616604865803,432
6223,1616605402253,263
6222,1616621500037,332
6222,1616644840020,232
6222,1616678670097,332
6223,1616679251228,268
6223,1616691570536,273
6222,1616691670798,432
6222,1616691993476,332
6223,1616727518247,263
6222,1616727518323,186
6223,1616728318487,268
6223,1616756821278,259
6223,1616757115638,264
6222,1616757126861,286
6223,1616757317302,269
6222,1616757603671,386
6223,1616757680489,274
6222,1616757768500,486
6222,1616757913121,586
6223,1616758315126,279
6223,1616759295679,284
6222,1616759463383,686
6223,1616827179386,261
6222,1616827179462,245
6223,1616838342291,266
6223,1616902213017,260
6223,1616903256255,265
6223,1616991800860,260
6223,1616994208932,265
6223,1617007434708,259
6223,1617008468432,264
6222,1617024555004,707
6223,1617024665870,269
6222,1617024784093,607
6222,1617025030148,507
6222,1617025661922,407
6222,1617027904059,307
6223,1617043503486,264
6222,1617104714523,407
6223,1617104801214,269
6223,1617105621624,274
6222,1617105741708,507
6223,1617107229370,279
6223,1617109552829,284
6222,1617110138407,608
6222,1617110212901,710
6223,1617110352867,289
6222,1617111244760,609
6223,1617111841597,284
6222,1617111938826,507
6222,1617112514715,407
6223,1617112940718,279
6223,1617114646577,274
6223,1617122535175,268
6222,1617123962187,307
6222,1617190227230,408
6222,1617190950761,508
6223,1617191123330,273
6222,1617191489517,608
6223,1617192124174,278
6222,1617192830236,708
6223,1617192947897,283
6223,1617250183013,263
6222,1617250183020,281
6223,1617258204646,268
6223,1617271959627,273
6223,1617295214533,268
6223,1617352342033,260
6223,1617353018699,265
6222,1617442550823,168
6223,1617444170339,270
6223,1617450479746,280
6222,1617450479865,529
6222,1617450669913,429
6222,1617450880437,329
6223,1617451910575,275
6222,1617454008469,229
6223,1617457193708,270
6223,1617507548796,263
6223,1617508295102,268
6223,1617531545657,219
6223,1617531726369,229
6222,1617531735364,334
6223,1617531738676,234
6223,1617531793161,239
6222,1617531895426,435
6223,1617531916718,244
6222,1617532004588,328
6222,1617532733680,228
6634,1617535010216,313
6635,1617535010658,0
6633,1617535011094,3
6632,1617535011191,0
6634,1617535025869,296
6634,1617535060163,285
6634,1617535061466,296
6634,1617535309069,309
6634,1617535315454,296
6634,1617535319355,251
6634,1617535370685,241
6634,1617535371962,252
6634,1617535407397,242
6634,1617535419451,253
6634,1617535527490,241
6634,1617535542287,251
6634,1617535599804,231
6634,1617535601103,253
6634,1617535605027,243
6634,1617535625958,255
6634,1617535633122,244
6634,1617535719314,254
6634,1617535741841,243
6634,1617535822435,253
6634,1617535835673,243
6634,1617535843802,228
6634,1617535846450,240
6634,1617535849353,221
6634,1617535851898,249
6634,1617535853341,227
6634,1617535854674,217
6634,1617535855965,243
6634,1617535857249,219
6634,1617535859865,248
6634,1617535861191,225
6634,1617535862577,215
6634,1617535863875,248
6634,1617535865169,224
6634,1617535867751,248
6634,1617535869183,233
6634,1617535871827,244
6634,1617535873151,215
6634,1617535875881,228
6634,1617535878510,246
6634,1617535938513,232
6634,1617535939817,242
6634,1617535947790,224
6634,1617535950391,238
6634,1617535959713,228
6634,1617535960997,243
6634,1617535964910,233
6634,1617535967534,245
6634,1617535968834,233
6634,1617535971599,247
6634,1617535972928,234
6634,1617535975518,247
6634,1617535976818,234
6634,1617535979427,245
6634,1617536053202,232
6634,1617536054505,244
6634,1617536055826,230
6634,1617536065328,248
6634,1617536066679,233
6634,1617536069260,251
6634,1617536070579,235
6634,1617536073180,248
6634,1617536074548,228
6634,1617536077114,248
6634,1617536078504,233
6634,1617536081036,247
6634,1617536082316,230
6634,1617536084939,248
6634,1617536138918,238
6634,1617536144128,251
6634,1617536145197,237
6634,1617536149124,248
6634,1617536372545,237
6634,1617536373935,248
6634,1617536449389,237
6634,1617536450689,248
6634,1617536452025,238
6634,1617536454643,249
6634,1617536546346,232
6634,1617536547641,243
6634,1617536587409,253
6634,1617536621945,243
6634,1617536664688,233
6634,1617536665961,250
6634,1617536696296,236
6634,1617536700075,251
6634,1617537840824,0
6636,1617539373392,0
6633,1617541483557,19452
6633,1617541486157,19462
6633,1617541487475,19525
6633,1617541488768,19539
6633,1617541491381,19472
6633,1617541492699,19487
6633,1617541495300,19459
6633,1617541496615,19391
6633,1617541497909,19417
6633,1617541499218,19398
6633,1617541501844,19375
6633,1617541504445,19392
6633,1617541507074,19374
6633,1617541508372,19404
6633,1617541510975,19391
6633,1617541512386,19346
6633,1617541513690,19335
6633,1617541516315,19301
6633,1617541517613,19264
6633,1617541518922,19240
6633,1617541520368,19230
6633,1617541522975,19258
6633,1617541526901,19241
6633,1617541529515,19265
6633,1617541530812,19279
6633,1617541533445,19252
6633,1617541536053,19203
6633,1617541538662,19143
6633,1617541539962,19124
6633,1617541542580,19100
6633,1617541545353,19082
6633,1617541547960,19067
6633,1617541549259,19090
6633,1617541550581,19151
6633,1617541551870,19121
6633,1617541553194,19102
6633,1617541554490,19064
6633,1617541557103,19039
6633,1617541558410,19055
6633,1617541562333,19018
6633,1617541563636,19007
6633,1617541564932,19025
6633,1617541566253,18998
6633,1617541567696,19012
6633,1617541569004,18951
6633,1617541571634,18934
6633,1617541575552,18950
6633,1617541576843,18934
6633,1617541578145,18962
6633,1617541579453,18952
6633,1617541580753,18990
6633,1617541583387,18979
6633,1617541589909,18900
6633,1617541592737,18919
6633,1617541594166,18929
6633,1617541595574,18944
6633,1617541598210,18925
6633,1617541600839,18906
6633,1617541602142,18973
6633,1617541603457,18992
6633,1617541604718,19016
6633,1617541606051,19032
6633,1617541607380,19046
6633,1617541608647,19027
6633,1617541609970,19042
6633,1617541611274,18955
6633,1617541613879,18973
6633,1617541615184,18997
6633,1617541617783,18981
6633,1617541621717,18959
6633,1617541623006,18991
6633,1617541624310,19054
6633,1617541628233,19044
6633,1617541630858,19054
6633,1617541632489,18980
6633,1617541634126,19026
6633,1617541635979,19011
6633,1617541641245,19030
6633,1617541642528,19005
6633,1617541643848,19063
6633,1617541645153,19089
6633,1617541650379,19024
6633,1617541651671,19097
6633,1617541652978,19051
6633,1617541655594,19066
6633,1617541660274,19048
6633,1617541661598,19033
6633,1617541664611,19067
6633,1617541665927,19083
6633,1617541667225,19098
6633,1617541671137,19070
6633,1617541672446,19085
6633,1617541673752,19031
6633,1617541675060,18992
6633,1617541676630,19009
6633,1617541677931,18999
6633,1617541680534,19021
6633,1617541681853,19057
6633,1617541684473,19081
6633,1617541688382,19097
6633,1617541692304,19079
6633,1617541694927,19069
6633,1617541696221,19080
6633,1617541698829,19066
6633,1617541702750,19078
6633,1617541705373,15086
6633,1617541706672,11
6633,1617541785002,7429
6633,1617541786343,19359
6633,1617541787653,19329
6633,1617541790265,19290
6633,1617541792872,19268
6633,1617541794180,18340
6633,1617541795656,478
6633,1617541796934,11
6633,1617541835129,0
6222,1617547822987,329
6222,1617547990368,434
6222,1617548207853,534
6222,1617548443420,634
6223,1617548482918,249
6222,1617548915819,534
6222,1617548994897,430
6222,1617549115836,328
6223,1617549223823,244
6222,1617554159342,228
6223,1617592251801,239
6632,1617596500341,40
6632,1617596501653,11842
6632,1617596502951,11862
6632,1617596504255,11843
6632,1617596505564,11805
6632,1617596506860,11862
6632,1617596508189,11928
6632,1617596509477,11950
6632,1617596510777,11927
6632,1617596512097,11903
6632,1617596514917,11799
6632,1617596516635,11758
6632,1617596518068,11783
6632,1617596519400,11806
6632,1617596520695,11786
6632,1617596521991,6448
6632,1617596523328,4
6632,1617596527393,4209
6632,1617596528668,7500
6632,1617596530129,6
6632,1617596540011,1944
6632,1617596541328,1972
6632,1617596542588,5
6632,1617596546688,3892
6632,1617596548016,8
6632,1617596583662,9266
6632,1617596584987,6
6632,1617596608498,4494
6632,1617596609817,6
6632,1617596691205,6277
6632,1617596692499,12054
6632,1617596693919,12151
6632,1617596695215,12290
6632,1617596696524,7222
6632,1617596697831,5542
6632,1617596699141,12363
6632,1617596700451,12295
6632,1617596703212,4296
6632,1617596704507,12313
6632,1617596705817,12265
6632,1617596707133,12228
6632,1617596709735,7574
6632,1617596711042,12233
6632,1617596713704,12250
6632,1617596714960,1879
6632,1617596716265,12180
6632,1617596717580,12253
6632,1617596718881,12190
6632,1617596720195,1297
6632,1617596721495,416
6632,1617596722803,6
6632,1617596729522,4610
6632,1617596730825,3064
6632,1617596732153,6
6632,1617596737358,7429
6632,1617596738661,6
6632,1617596743914,6394
6632,1617596745205,5145
6632,1617596746511,6
6632,1617596750439,3788
6632,1617596751761,80
6632,1617596753038,5
6632,1617596804436,2311
6632,1617596805751,1523
6632,1617596807043,5
6632,1617596817513,3530
6632,1617596818807,335
6632,1617596820128,6
6632,1617597172373,3498
6632,1617597173593,374
6632,1617597174906,5
6634,1617598141144,24
6634,1617598142465,121
6634,1617598143800,105
6634,1617598145070,166
6634,1617598146389,235
6634,1617598147680,225
6634,1617598148996,143
6634,1617598163947,104
6634,1617598165259,118
6634,1617598166567,84
6634,1617598167875,48
6634,1617598170493,81
6634,1617598171801,201
6634,1617598173099,233
6634,1617598174414,123
6634,1617598177021,50
6634,1617598189453,66
6634,1617598198547,76
6634,1617598201156,25
6634,1617598205082,82
6634,1617598257466,119
6634,1617598260382,71
6634,1617598261698,51
6634,1617598263024,111
6634,1617598264305,235
6634,1617598265610,189
6634,1617598266929,131
6634,1617598268222,144
6634,1617598270835,158
6634,1617598281742,21142
6634,1617598284601,21020
6634,1617598288533,21034
6634,1617598291161,21019
6634,1617598292447,21132
6634,1617598295127,21149
6634,1617598299087,21135
6634,1617598304325,21172
6634,1617598305699,21183
6634,1617598308895,21116
6634,1617598310207,21050
6634,1617598312812,21066
6634,1617598314121,21051
6634,1617598315428,20929
6634,1617598316735,20918
6634,1617598320662,20936
6634,1617598321962,20924
6634,1617598323309,21021
6634,1617598324582,21067
6634,1617598327194,21057
6634,1617598329964,21046
6634,1617598331407,21116
6634,1617598334291,21145
6634,1617598336906,21118
6634,1617598338224,21128
6634,1617598340842,21139
6634,1617598344749,21435
6634,1617598346066,21371
6634,1617598347368,21234
6634,1617598351323,21218
6634,1617598355254,21341
6634,1617598360543,21309
6634,1617598361842,21288
6634,1617598363169,21299
6634,1617598364466,21311
6634,1617598367007,21287
6634,1617598369682,21305
6634,1617598377538,21184
6634,1617598378832,21155
6634,1617598381454,21145
6634,1617598384004,21130
6634,1617598385385,21205
6634,1617598386678,21277
6634,1617598387915,21262
6634,1617598389296,21250
6634,1617598391919,21238
6634,1617598393207,21224
6634,1617598395837,21204
6634,1617598397126,21190
6634,1617598398479,21206
6634,1617598399736,21195
6634,1617598401044,21182
6634,1617598404975,21194
6634,1617598407529,21165
6634,1617598408838,21143
6634,1617598412753,21130
6634,1617598414060,21166
6634,1617598415363,21177
6634,1617598416674,21158
6634,1617598421894,21143
6634,1617598423201,21164
6634,1617598424512,21151
6634,1617598425817,21175
6634,1617598428435,21145
6634,1617598436267,21116
6634,1617598438893,21083
6634,1617598441512,21067
6634,1617598442801,21096
6634,1617598449336,21080
6634,1617598450643,21057
6634,1617598453473,21080
6634,1617598454759,1078
6634,1617598456065,668
6634,1617598484840,679
6634,1617598877466,26
6634,1617598878787,85
6634,1617598880075,205
6634,1617598881404,186
6634,1617598882707,143
6634,1617598884013,185
6634,1617598885344,369
6634,1617598889239,342
6634,1617598890548,172
6634,1617598891843,64
6634,1617598893176,31
6634,1617598901021,119
6634,1617598902305,241
6634,1617598904921,141
6634,1617598908859,129
6634,1617598911460,95
6634,1617598921919,83
6634,1617598959948,131
6634,1617598961255,79
6634,1617598962584,106
6634,1617598963891,41
6634,1617598965207,152
6634,1617598966502,241
6634,1617598967816,133
6634,1617598969124,148
6634,1617598971724,158
6634,1617598996554,176
6634,1617598997851,337
6634,1617598999154,357
6634,1617599000465,367
6634,1617599001788,347
6634,1617599003085,269
6634,1617599008308,670
6634,1617599010938,686
6634,1617599020096,764
6634,1617599022709,805
6634,1617599025318,762
6634,1617599027979,11993
6634,1617599029261,21399
6634,1617599030575,21380
6634,1617599031912,21324
6634,1617599033195,21337
6634,1617599035802,21316
6634,1617599039739,21305
6634,1617599041058,21242
6634,1617599042363,21201
6634,1617599045005,21226
6634,1617599051519,21208
6634,1617599054113,21184
6634,1617599055434,21162
6634,1617599056759,21145
6634,1617599058041,21156
6634,1617599059358,21146
6634,1617599060600,21136
6634,1617599061917,21102
6634,1617599063213,21161
6634,1617599065834,21148
6634,1617599067135,21233
6634,1617599068776,21249
6634,1617599074011,21226
6634,1617599075293,21240
6634,1617599076603,21257
6634,1617599078172,21226
6634,1617599080775,21212
6634,1617599082065,21228
6634,1617599084701,21247
6634,1617599085998,21197
6634,1617599087324,21217
6634,1617599088602,21125
6634,1617599089924,21141
6634,1617599091217,21120
6634,1617599092536,21095
6634,1617599093845,21121
6634,1617599097741,21135
6634,1617599099075,21121
6634,1617599101673,21106
6634,1617599102997,21089
6634,1617599105610,21108
6634,1617599108208,21090
6634,1617599109508,21047
6634,1617599110826,21020
6634,1617599113430,21009
6634,1617599116151,21036
6634,1617599117671,21052
6634,1617599119211,21009
6634,1617599120490,21039
6634,1617599125726,21026
6634,1617599128332,21015
6634,1617599132253,20997
6634,1617599133561,21020
6634,1617599134866,20997
6634,1617599138922,21023
6634,1617599141731,20999
6634,1617599144300,20967
6634,1617599149524,20980
6634,1617599150977,20963
6634,1617599153587,20937
6634,1617599155092,20916
6634,1617599156389,20930
6634,1617599157687,20911
6634,1617599159013,20691
6634,1617599160274,20614
6634,1617599161638,20624
6634,1617599165666,20604
6634,1617599169668,12285
6634,1617599170993,702
6634,1617599182775,692
6634,1617599190899,702
6634,1617599200051,692
6634,1617599228417,751
6634,1617599405279,761
6634,1617599425505,750
6634,1617599433339,760
6634,1617600426697,10158
6634,1617600428013,20540
6634,1617600429307,20479
6634,1617600430625,20455
6634,1617600431937,20433
6634,1617600433238,20450
6634,1617600437156,20424
6634,1617600438450,20403
6634,1617600439756,20361
6634,1617600441067,20343
6634,1617600446300,20310
6634,1617600450243,20342
6634,1617600452847,20324
6634,1617600454162,20311
6634,1617600458084,20292
6634,1617600459428,20252
6634,1617600460710,20263
6634,1617600463324,20253
6634,1617600465925,20166
6634,1617600467260,20183
6634,1617600468554,20212
6634,1617600469842,20148
6634,1617600471157,20162
6634,1617600472473,20148
6634,1617600473762,20121
6634,1617600475069,20098
6634,1617600476589,20120
6634,1617600479623,20107
6634,1617600483517,20121
6634,1617600487452,20103
6634,1617600492690,20065
6634,1617600493987,20075
6634,1617600495295,20093
6634,1617600496600,20283
6634,1617600502666,20320
6634,1617600504025,20308
6634,1617600505313,20269
6634,1617600507930,20280
6634,1617600509235,20266
6634,1617600510554,20280
6634,1617600514470,20264
6634,1617600515778,20240
6634,1617600517084,20210
6634,1617600520985,20063
6634,1617600522301,20084
6634,1617600524020,20152
6634,1617600527248,20131
6634,1617600533778,20087
6634,1617600535090,20098
6634,1617600536389,20039
6634,1617600537699,19988
6634,1617600541618,19964
6634,1617600542938,19935
6634,1617600546855,19923
6634,1617600549452,20005
6634,1617600552078,19918
6634,1617600553381,19969
6634,1617600554687,19880
6634,1617600557302,19858
6634,1617600558604,19841
6634,1617600560197,19814
6634,1617600561952,19875
6634,1617600563282,19860
6634,1617600564598,19824
6634,1617600565904,19808
6634,1617600567209,19798
6634,1617600568659,19812
6634,1617600569991,19786
6634,1617600571263,19802
6634,1617600572570,19839
6634,1617600573881,19814
6634,1617600576504,19832
6634,1617600577802,19814
6634,1617600579112,19771
6634,1617600583118,19796
6634,1617600586260,19776
6634,1617600591497,19759
6634,1617600592814,19739
6634,1617600594114,19753
6634,1617600598025,19772
6634,1617600600641,19730
6634,1617600603269,19714
6634,1617600604557,19685
6634,1617600607635,19667
6634,1617600610820,19589
6634,1617600612106,19568
6634,1617600614725,19549
6634,1617600616053,19539
6634,1617600617337,19604
6634,1617600618677,19639
6634,1617600619965,19673
6634,1617600621252,19804
6634,1617600622553,19859
6634,1617600625184,19822
6634,1617600626496,19800
6634,1617600630404,19725
6634,1617600632022,19764
6634,1617600633776,19810
6634,1617600635074,19775
6634,1617600642936,19740
6634,1617600645546,19750
6634,1617600646909,19532
6634,1617600650824,19551
6634,1617600653426,19565
6634,1617600654735,19553
6634,1617600659705,19510
6634,1617600661006,19475
6634,1617600662327,19429
6634,1617600663617,19460
6634,1617600664926,19444
6634,1617600666236,19454
6634,1617600667552,19438
6634,1617600668850,19498
6634,1617600674074,19482
6634,1617600677988,19505
6634,1617600681054,19671
6634,1617600686514,19657
6634,1617600687829,19667
6634,1617600689129,19651
6634,1617600693014,19565
6634,1617600694331,19582
6634,1617600695642,19594
6634,1617600698247,19605
6634,1617600699555,19588
6634,1617600700848,842
6634,1617600702160,724
6634,1617600855278,714
6634,1617600869922,725
6634,1617600893262,715
6634,1617600903123,725
6634,1617600905722,715
6632,1617600915416,4216
6632,1617600916737,11620
6632,1617600918191,11580
6632,1617600919418,11557
6632,1617600920784,11543
6634,1617600920902,725
6632,1617600922111,11519
6632,1617600923428,11549
6632,1617600924656,11509
6632,1617600926060,11444
6632,1617600929974,7244
6632,1617600931282,0
6632,1617600935190,3038
6634,1617600935290,714
6632,1617600936528,11312
6632,1617600937816,604
6632,1617600939004,4
6632,1617600941691,2472
6634,1617600941918,726
6632,1617600942924,11613
6632,1617600944227,11691
6632,1617600945533,11792
6632,1617600946991,11931
6632,1617600948153,11884
6632,1617600949459,11853
6632,1617600950784,7937
6632,1617600952079,474
6632,1617600953370,852
6632,1617600954693,11889
6634,1617600956960,715
6632,1617600957302,4255
6632,1617600958598,467
6634,1617600959581,726
6632,1617600960059,10769
6632,1617600961383,11852
6632,1617600962685,462
6632,1617600966649,11672
6632,1617600967930,11402
6632,1617600969234,716
6632,1617600970536,372
6632,1617600971818,8356
6632,1617600973111,11858
6632,1617600974438,10519
6632,1617600975737,473
6632,1617600977034,372
6632,1617600978354,11789
6632,1617600979657,5107
6634,1617600980209,713
6632,1617600980989,345
6634,1617600981521,723
6632,1617600982306,5
6632,1617600994231,11338
6632,1617600995518,8809
6632,1617600996839,29
6632,1617600998154,6
6632,1617601002044,11276
6632,1617601003350,11351
6632,1617601004668,1909
6632,1617601005997,5
6632,1617601010051,3714
6632,1617601011390,7
6634,1617601066169,712
6632,1617601075675,3111
6632,1617601076966,597
6632,1617601078257,6
6634,1617601087954,723
6632,1617601088853,3590
6632,1617601090165,112
6634,1617601090702,713
6632,1617601091475,6
6632,1617601095392,3465
6632,1617601096694,5
6634,1617601117713,723
6632,1617601124902,1635
6634,1617601125539,712
6632,1617601126208,2088
6632,1617601127511,5
6634,1617601137790,722
6634,1617601145648,712
6634,1617601147113,722
6634,1617601183135,712
6634,1617601185880,722
6634,1617601200242,711
6634,1617601201551,721
6634,1617601205524,711
6634,1617601208624,721
6634,1617601245111,711
6634,1617601253322,722
6634,1617601269281,709
6634,1617601270601,719
6634,1617601322316,707
6634,1617601323741,721
6634,1617601326780,710
6634,1617601331946,722
6634,1617601335860,710
6634,1617601339793,720
6634,1617601342410,710
6634,1617601343750,721
6634,1617601361661,711
6634,1617601362985,724
6634,1617601370807,712
6634,1617601374380,722
6634,1617601384264,712
6634,1617601385566,724
6634,1617601386873,714
6634,1617601396309,725
6634,1617601404426,707
6634,1617601407098,723
6634,1617601414919,708
6634,1617601416237,722
6634,1617601430662,706
6634,1617601431986,722
6634,1617601437208,703
6634,1617601438510,721
6634,1617601441119,711
6634,1617601456551,723
6634,1617601459135,711
6634,1617601463224,724
6634,1617601465855,702
6634,1617601467126,715
6634,1617601517296,705
6634,1617601518575,721
6634,1617601526566,706
6634,1617601534201,721
6634,1617601536803,710
6634,1617601550020,722
6634,1617601552638,710
6634,1617601560230,722
6634,1617601561555,708
6634,1617601562837,718
6634,1617601568089,705
6634,1617601569372,720
6634,1617601573303,710
6634,1617601575920,721
6634,1617601577411,707
6634,1617601580570,723
6634,1617601584532,712
6634,1617601593678,722
6634,1617601594976,706
6634,1617601596273,719
6634,1617601601702,706
6634,1617601603315,720
6634,1617601606102,710
6634,1617601620478,721
6634,1617601621778,711
6634,1617601628752,699
6634,1617601631350,720
6634,1617601632654,708
6634,1617601633968,719
6634,1617601639187,706
6634,1617601640500,721
6634,1617601644408,710
6634,1617601647034,721
6634,1617601648462,707
6634,1617601651740,720
6634,1617601653160,704
6634,1617601654450,719
6634,1617601657001,708
6634,1617601658382,720
6634,1617601662269,707
6634,1617601664884,719
6634,1617601668811,707
6634,1617601670102,717
6634,1617601681254,704
6634,1617601682558,718
6634,1617601696991,708
6634,1617601698521,718
6634,1617601708231,708
6634,1617601710828,718
6634,1617601723221,701
6634,1617601724544,720
6634,1617601725846,708
6634,1617601729768,722
6634,1617601732379,707
6634,1617601733687,720
6634,1617601741535,702
6634,1617601742866,715
6634,1617601783639,703
6634,1617601784937,721
6634,1617601788878,709
6634,1617601791864,723
6634,1617601794285,712
6634,1617601823876,698
6634,1617601825185,720
6634,1617601830411,709
6634,1617601842930,720
6634,1617601846834,705
6634,1617601849445,715
6634,1617601850764,703
6634,1617601854693,717
6634,1617601857306,704
6634,1617601858589,719
6634,1617601864144,704
6634,1617601867098,719
6634,1617601868393,708
6634,1617601873601,718
6634,1617601874915,703
6634,1617601876365,718
6634,1617601881587,707
6634,1617601887521,720
6634,1617601889323,705
6634,1617601894895,717
6634,1617601897523,706
6634,1617601898820,716
6634,1617601900130,705
6634,1617601907238,720
6634,1617601908541,708
6634,1617601916068,719
6634,1617601922613,704
6634,1617601925224,719
6634,1617601926550,708
6634,1617601931742,719
6634,1617601937333,709
6634,1617601949209,698
6634,1617601951825,717
6634,1617601953125,705
6634,1617601954427,716
6634,1617601959795,706
6634,1617601965543,716
6634,1617601966853,704
6634,1617601970767,715
6634,1617601973376,699
6634,1617601974691,718
6634,1617601978609,708
6634,1617601999277,718
6634,1617602001896,708
6634,1617602007547,719
6634,1617602008945,706
6634,1617602013038,716
6634,1617602015623,706
6634,1617602016919,719
6634,1617602020841,700
6634,1617602023455,720
6634,1617602024764,702
6634,1617602028689,718
6634,1617602031679,704
6634,1617602039164,720
6634,1617602040470,704
6634,1617602044433,716
6634,1617602047012,696
6634,1617602048330,718
6634,1617602050952,707
6634,1617602054865,718
6634,1617602056457,703
6634,1617602061902,716
6634,1617602063222,704
6634,1617602065834,715
6634,1617602069754,703
6634,1617602071069,718
6634,1617602073674,707
6634,1617602077600,717
6634,1617602078908,701
6634,1617602107146,711
6634,1617602129675,701
6634,1617602131020,715
6634,1617602136545,698
6634,1617602137860,718
6634,1617602143375,707
6634,1617602145973,720
6634,1617602147294,703
6634,1617602148595,714
6634,1617602261273,703
6634,1617602262585,716
6634,1617602266533,698
6634,1617602269140,716
6634,1617602270452,703
6634,1617602276246,716
6634,1617602284288,699
6634,1617602286895,710
6634,1617602290820,696
6634,1617602292135,717
6634,1617602294893,704
6634,1617602300466,714
6634,1617602301952,702
6634,1617602306004,713
6634,1617602308636,695
6634,1617602309931,714
6634,1617602313862,703
6634,1617602316468,716
6634,1617602317775,698
6634,1617602319080,712
6634,1617602324509,697
6634,1617602330248,712
6634,1617602331574,695
6634,1617602334168,713
6634,1617602338089,701
6634,1617602339394,715
6634,1617602342159,701
6634,1617602347729,713
6634,1617602349144,698
6634,1617602352040,710
6634,1617602355939,698
6634,1617602357228,708
6634,1617602361135,698
6634,1617602363780,714
6634,1617602365081,699
6634,1617602370463,716
6634,1617602371920,698
6634,1617602377541,711
6634,1617602378840,699
6634,1617602382765,709
6634,1617602405274,699
6634,1617602406591,710
6634,1617602411807,697
6634,1617602413119,709
6634,1617602418652,692
6634,1617602419943,711
6634,1617602425370,699
6634,1617602426665,712
6634,1617602427980,702
6634,1617602433204,712
6634,1617602434543,692
6634,1617602435821,710
6634,1617602549043,29
6634,1617602661326,234
6634,1617602662639,349
6634,1617602664005,212
6634,1617602665450,102
6634,1617602670677,114
6634,1617602671984,30
6634,1617602675898,51
6634,1617602698469,101
6634,1617602706314,29
6634,1617602825822,590
6634,1617602893380,580
6634,1617603118186,129
6634,1617603119575,110
6634,1617603121343,24
6634,1617603122782,102
6634,1617603124184,265
6634,1617603125403,176
6634,1617603126787,254
6634,1617603128087,368
6634,1617603130717,386
6634,1617603132039,180
6634,1617603133341,75
6634,1617603134555,30
6634,1617603143793,138
6634,1617603145257,260
6634,1617603146620,280
6634,1617603149283,101
6634,1617603154572,80
6634,1617603199702,139
6634,1617603201163,75
6634,1617603202473,62
6634,1617603205183,188
6634,1617603206489,261
6634,1617603207797,140
6634,1617603210418,72
6634,1617603211714,110
6634,1617603213037,134
6634,1617603214337,124
6634,1617603215643,139
6634,1617603219561,149
6634,1617603222730,276
6634,1617603224336,347
6634,1617603225651,435
6634,1617603226966,536
6634,1617603228262,579
6634,1617603388704,569
6634,1617603642739,318
6634,1617603713596,20321
6634,1617603715119,20240
6634,1617603844541,19776
6634,1617603845759,19791
6634,1617603865248,19568
6634,1617603867845,19546
6634,1617603869331,19531
6634,1617603870635,19513
6634,1617603871937,19548
6634,1617603873248,19658
6634,1617603874560,19721
6634,1617603875882,19736
6634,1617603878472,19720
6634,1617603882401,19673
6634,1617603885187,19643
6634,1617603886744,19596
6634,1617603888227,19668
6634,1617603894788,19702
6634,1617603896087,19728
6634,1617603898726,19771
6634,1617603900022,19814
6634,1617603901323,19798
6634,1617603902629,19758
6634,1617603903940,19673
6634,1617603906551,19653
6634,1617603907860,19641
6634,1617603910832,19608
6634,1617603912209,19621
6634,1617603913679,19646
6634,1617603914994,19660
6634,1617603916299,19681
6634,1617603917598,19591
6634,1617603920235,19606
6634,1617603924309,19569
6634,1617603925607,19592
6634,1617603926917,19610
6634,1617603928231,19662
6634,1617603929544,19611
6634,1617603930842,19627
6634,1617603989483,319
6634,1617604152518,295
6634,1617604153829,28
6634,1617604155131,62
6634,1617604156640,259
6634,1617604158367,248
6634,1617604159683,271
6634,1617604161002,341
6634,1617604162301,368
6634,1617604164896,298
6634,1617604166217,97
6634,1617604174061,140
6634,1617604175383,126
6634,1617604176668,61
6634,1617604183702,43
6634,1617604185001,24
6634,1617604192841,52
6634,1617604194169,179
6634,1617604195465,261
6634,1617604196763,101
6634,1617604203484,87
6634,1617604204756,24
6634,1617605648864,53
6634,1617605650177,175
6634,1617605651498,260
6634,1617605652796,110
6634,1617605660022,37
6634,1617605669148,20
6634,1617605781315,0
6633,1617613359015,16065
6633,1617613360324,20044
6633,1617613361634,20060
6633,1617613365555,20028
6633,1617613366867,20076
6633,1617613368223,20013
6633,1617613369491,20092
6633,1617613370818,20129
6633,1617613373438,20015
6633,1617613374733,19983
6633,1617613376022,20075
6633,1617613377342,20110
6633,1617613378652,20078
6633,1617613383871,20007
6633,1617613385187,19965
6633,1617613387799,19954
6633,1617613389114,19935
6633,1617613390413,19870
6633,1617613391713,19857
6633,1617613393036,19682
6633,1617613394343,19645
6633,1617613395654,19376
6633,1617613398266,19366
6633,1617613399578,19324
6633,1617613401075,19352
6633,1617613402319,19420
6633,1617613403635,19557
6633,1617613406242,19616
6633,1617613407556,19735
6633,1617613410174,19745
6633,1617613411473,19730
6633,1617613412791,19716
6633,1617613414080,19693
6633,1617613415410,19640
6633,1617613416703,19740
6633,1617613418010,19750
6633,1617613419319,19727
6633,1617613420617,19702
6633,1617613421928,19665
6633,1617613423268,19520
6633,1617613424545,19507
6633,1617613427142,19548
6633,1617613428462,19537
6633,1617613429772,19523
6633,1617613431064,19420
6633,1617613432391,19364
6633,1617613433683,19394
6633,1617613434991,19414
6633,1617613436297,19534
6633,1617613437613,19441
6633,1617613438923,19375
6633,1617613440230,19404
6633,1617613441521,19423
6633,1617613442844,19350
6633,1617613444149,19313
6633,1617613445449,19411
6633,1617613446757,19427
6633,1617613449391,19489
6633,1617613450690,19434
6633,1617613452003,19373
6633,1617613453313,19262
6633,1617613455942,19335
6633,1617613457337,19309
6633,1617613459878,19287
6633,1617613461173,19233
6633,1617613462487,19248
6633,1617613465106,19259
6633,1617613466400,19360
6633,1617613467706,19242
6633,1617613469009,19280
6633,1617613470314,19254
6633,1617613471641,19267
6633,1617613472937,19194
6633,1617613474227,19209
6633,1617613475531,19329
6633,1617613479451,19343
6633,1617613480770,19465
6633,1617613482097,19277
6633,1617613483357,19121
6633,1617613484668,19095
6633,1617613485981,19139
6633,1617613487293,19167
6633,1617613488598,19220
6633,1617613491191,19234
6633,1617613495125,19452
6633,1617613496421,19540
6633,1617613497742,19506
6633,1617613499041,19405
6633,1617613500348,19450
6633,1617613501646,19403
6633,1617613502993,19250
6633,1617613505603,19266
6633,1617613506909,19251
6633,1617613508202,19266
6633,1617613509530,19392
6633,1617613510827,19456
6633,1617613512140,19394
6633,1617613513436,19331
6633,1617613514747,19263
6633,1617613518658,19177
6633,1617613519973,19198
6633,1617613522583,19219
6633,1617613523886,19238
6633,1617613525194,19305
6633,1617613526509,19341
6633,1617613527971,19375
6633,1617613529284,19428
6633,1617613530588,19366
6633,1617613531880,19401
6633,1617613533203,19418
6633,1617613534508,19489
6633,1617613535818,19456
6633,1617613537132,19332
6633,1617613538423,19364
6633,1617613539748,19375
6633,1617613541077,19292
6633,1617613542360,19207
6633,1617613543650,19244
6633,1617613544983,19336
6633,1617613546262,19289
6633,1617613547576,19303
6633,1617613548904,19292
6633,1617613550205,19348
6633,1617613552780,19365
6633,1617613554088,19311
6633,1617613555398,19362
6633,1617613559327,19401
6633,1617613561071,19326
6633,1617613562636,19308
6633,1617613564378,18507
6633,1617613565699,480
6633,1617613567159,10
6633,1617613580490,19257
6633,1617613581804,19280
6633,1617613583113,19262
6633,1617613584413,19334
6633,1617613585738,19407
6633,1617613587028,19396
6633,1617613588335,19466
6633,1617613589657,19442
6633,1617613590951,19459
6633,1617613592261,19359
6633,1617613594882,19382
6633,1617613597500,19360
6633,1617613600100,19426
6633,1617613601426,19294
6633,1617613602993,19332
6633,1617613604319,19374
6633,1617613605619,19307
6633,1617613606927,19236
6633,1617613609529,19224
6633,1617613610841,19247
6633,1617613612146,19295
6633,1617613613442,19284
6633,1617613614957,19384
6633,1617613616545,19401
6633,1617613618084,19539
6633,1617613619400,19482
6633,1617613623466,19438
6633,1617613624783,19456
6633,1617613627434,19404
6633,1617613628736,19318
6633,1617613630040,19261
6633,1617613631342,19146
6633,1617613632627,19283
6633,1617613633953,19261
6633,1617613635279,19282
6633,1617613636580,14
6633,1617613704074,0
6222,1617629772127,331
6222,1617629887645,434
6222,1617630028646,534
6223,1617630044359,244
6223,1617630939830,249
6222,1617631475035,635
6222,1617631904771,535
6222,1617632051460,435
6222,1617632154418,333
6223,1617633378704,244
6222,1617633692860,233
6223,1617643145359,239
6632,1617680814403,9425
6632,1617680815707,11785
6632,1617680817017,11726
6632,1617680818311,11740
6632,1617680819632,11755
6632,1617680820919,11737
6632,1617680822243,11753
6632,1617680823568,11742
6632,1617680828749,11719
6632,1617680831370,11677
6632,1617680832703,11627
6632,1617680833986,11639
6632,1617680835297,7870
6632,1617680836595,3
6632,1617680840582,2525
6632,1617680841832,11550
6632,1617680843134,2152
6632,1617680844444,0
6632,1617680847054,9460
6632,1617680848357,11933
6632,1617680849681,12022
6632,1617680850981,12085
6632,1617680852564,12169
6632,1617680853935,12128
6632,1617680855191,11633
6632,1617680856508,791
6632,1617680857806,491
6632,1617680859124,11927
6632,1617680860425,11897
6632,1617680861731,11870
6632,1617680863046,2779
6632,1617680864411,6018
6632,1617680865951,11785
6632,1617680867247,4117
6632,1617680868555,374
6632,1617680869862,4860
6632,1617680871208,11929
6632,1617680872469,11877
6632,1617680873783,388
6632,1617680876387,3662
6632,1617680877696,11904
6632,1617680879010,11931
6632,1617680880312,4182
6632,1617680881623,364
6632,1617680882945,6
6632,1617680893526,9467
6632,1617680894837,9285
6632,1617680896137,39
6632,1617680897455,6
6632,1617680901367,11475
6632,1617680902671,6247
6632,1617680903978,8
6632,1617680909216,7135
6632,1617680910524,9
6632,1617680987962,2653
6632,1617680989255,5
6632,1617680994487,3847
6632,1617680995785,6
6632,1617680999705,2950
6632,1617681001030,915
6632,1617681002319,6
6632,1617681306683,3867
6632,1617681308014,7
6632,1617681313221,430
6632,1617681314534,5
6632,1617681385404,3860
6632,1617681386746,6
6632,1617681391976,287
6632,1617681393274,5
6636,1617685486480,11
6636,1617685487783,0
6633,1617696023410,2224
6633,1617696024718,19807
6633,1617696026017,20009
6633,1617696027338,19962
6633,1617696028650,19929
6633,1617696029945,19910
6633,1617696032568,19891
6633,1617696033874,19849
6633,1617696035178,19780
6633,1617696036482,19757
6633,1617696037788,19721
6633,1617696039094,19700
6633,1617696040395,19690
6633,1617696041671,19620
6633,1617696043006,19594
6633,1617696044362,19526
6633,1617696045636,19514
6633,1617696052476,19549
6633,1617696053999,19563
6633,1617696059195,19586
6633,1617696060486,19626
6633,1617696061808,19537
6633,1617696064612,19599
6633,1617696065922,19585
6633,1617696068518,19563
6633,1617696069845,19548
6633,1617696071170,19457
6633,1617696072443,19353
6633,1617696073796,19318
6633,1617696075124,19169
6633,1617696083425,19146
6633,1617696086018,19060
6633,1617696087320,19037
6633,1617696088644,19056
6633,1617696089939,19082
6633,1617696093868,19131
6633,1617696095173,19111
6633,1617696097791,19088
6633,1617696099360,19077
6633,1617696100863,19015
6633,1617696103905,18997
6633,1617696105219,18981
6633,1617696106526,19024
6633,1617696107819,19007
6633,1617696109137,18972
6633,1617696110448,18984
6633,1617696113063,18968
6633,1617696114373,18978
6633,1617696118281,18989
6633,1617696119593,18958
6633,1617696120898,18905
6633,1617696122207,18926
6633,1617696123790,18899
6633,1617696125522,18879
6633,1617696127011,18899
6633,1617696128319,18885
6633,1617696130940,18838
6633,1617696132245,18793
6633,1617696138762,18839
6633,1617696140218,18893
6633,1617696141533,18882
6633,1617696144144,18867
6633,1617696148102,18877
6633,1617696149515,18930
6633,1617696155201,18977
6633,1617696156505,19070
6633,1617696159118,19083
6633,1617696160460,19065
6633,1617696161789,18977
6633,1617696163069,18966
6633,1617696169601,18948
6633,1617696176962,18922
6633,1617696178278,18970
6633,1617696180883,18948
6633,1617696182190,18978
6633,1617696183505,18967
6633,1617696186111,18951
6633,1617696187413,18961
6633,1617696188734,18886
6633,1617696191381,18943
6633,1617696193961,18909
6633,1617696195263,18944
6633,1617696198448,18866
6633,1617696199931,18849
6633,1617696201210,18835
6633,1617696202523,18814
6633,1617696205129,18825
6633,1617696206433,18812
6633,1617696209046,18853
6633,1617696210370,18842
6633,1617696212970,18864
6633,1617696215575,18848
6633,1617696218200,18858
6633,1617696221140,18840
6633,1617696222739,18885
6633,1617696224578,18859
6633,1617696228460,18816
6633,1617696231075,18847
6633,1617696232374,18756
6633,1617696239080,18791
6633,1617696240368,18828
6633,1617696242988,7188
6633,1617696244297,10
6633,1617696420903,8126
6633,1617696422207,19244
6633,1617696423516,19214
6633,1617696424819,19192
6633,1617696426126,19087
6633,1617696428551,18958
6633,1617696429847,18973
6633,1617696431166,18984
6633,1617696433759,18970
6633,1617696435077,18946
6633,1617696438115,18924
6633,1617696439911,18898
6633,1617696442488,18954
6633,1617696445118,18972
6633,1617696446410,18996
6633,1617696450367,18967
6633,1617696451677,18957
6633,1617696452989,18968
6633,1617696454283,18979
6633,1617696456908,18877
6633,1617696458211,18824
6633,1617696460814,18838
6633,1617696462131,18866
6633,1617696463588,18901
6633,1617696464897,18885
6633,1617696466196,18896
6633,1617696467501,18951
6633,1617696468800,18926
6633,1617696470118,18908
6633,1617696471425,18931
6633,1617696472765,18916
6633,1617696475348,19018
6633,1617696479276,19045
6633,1617696481879,19091
6633,1617696483188,19103
6633,1617696484494,19092
6633,1617696485805,19080
6633,1617696487101,18983
6633,1617696489721,18972
6633,1617696491020,18987
6633,1617696495090,18942
6633,1617696496398,18965
6633,1617696497702,18921
6633,1617696499001,18900
6633,1617696501614,18876
6633,1617696502926,18866
6633,1617696504226,14709
6633,1617696505565,50
6633,1617696506875,10
6633,1617696737438,0
6635,1617769493392,5532
6635,1617769494699,0
6633,1617769802184,19927
6633,1617769806063,19913
6633,1617769809985,19965
6633,1617769812600,19952
6633,1617769813903,19934
6633,1617769819136,19905
6633,1617769821741,19870
6633,1617769824349,19856
6633,1617769825662,19844
6633,1617769828275,19790
6633,1617769829579,19673
6633,1617769830889,19655
6633,1617769833577,19634
6633,1617769836173,19584
6633,1617769838729,19521
6633,1617769840040,19503
6633,1617769841343,19486
6633,1617769842647,19475
6633,1617769843954,19448
6633,1617769845281,19570
6633,1617769846571,19547
6633,1617769847891,19525
6633,1617769850494,19505
6633,1617769851794,19488
6633,1617769853110,19461
6633,1617769854427,19478
6633,1617769855722,19440
6633,1617769857033,19512
6633,1617769859644,19501
6633,1617769860947,19453
6633,1617769862252,19435
6633,1617769864882,19399
6633,1617769868782,19412
6633,1617769870093,19402
6633,1617769871400,19380
6633,1617769872700,19501
6633,1617769874017,19719
6633,1617769876627,19692
6633,1617769877935,19652
6633,1617769880545,19671
6633,1617769881863,19584
6633,1617769883159,19614
6633,1617769885768,19601
6633,1617769887070,19589
6633,1617769888390,19601
6633,1617769889717,19635
6633,1617769893617,19605
6633,1617769894927,19638
6633,1617769897540,19613
6633,1617769901472,19641
6633,1617769902757,19627
6633,1617769904089,19663
6633,1617769905377,19696
6633,1617769907985,19682
6633,1617769909295,19692
6633,1617769911908,19711
6633,1617769913218,19672
6633,1617769914524,19659
6633,1617769915828,19673
6633,1617769917143,19733
6633,1617769922356,19750
6633,1617769924980,19682
6633,1617769927870,19669
6633,1617769929226,19681
6633,1617769933100,19668
6633,1617769935727,19640
6633,1617769937022,19605
6633,1617769938333,19635
6633,1617769939636,19680
6633,1617769943560,19666
6633,1617769944861,19680
6633,1617769947468,19695
6633,1617769948797,19653
6633,1617769950095,19675
6633,1617769951395,19731
6633,1617769956766,19768
6633,1617769958066,19782
6633,1617769961990,19765
6633,1617769964600,19783
6633,1617769969832,19770
6633,1617769972442,19711
6633,1617769976359,19736
6633,1617769977671,19718
6633,1617769978977,19734
6633,1617769980293,19724
6633,1617769984213,19714
6633,1617769986817,19726
6633,1617769990738,19738
6633,1617769992033,19752
6633,1617769994654,19770
6633,1617769997271,19748
6633,1617769998577,19790
6633,1617769999883,19852
6633,1617770001183,19823
6633,1617770005114,19837
6633,1617770007718,19850
6633,1617770009046,19819
6633,1617770010356,19844
6633,1617770011648,19819
6633,1617770014457,19792
6633,1617770016086,3587
6633,1617770017349,10
6633,1617770280733,9988
6633,1617770282060,19496
6633,1617770283364,19481
6633,1617770284670,19532
6633,1617770285966,19518
6633,1617770289675,19448
6633,1617770292280,19430
6633,1617770293520,19397
6633,1617770296138,19374
6633,1617770297433,19344
6633,1617770298737,19323
6633,1617770301354,19299
6633,1617770305279,19222
6633,1617770306581,19182
6633,1617770311485,19158
6633,1617770315622,19138
6633,1617770317254,19126
6633,1617770318521,19108
6633,1617770321132,19078
6633,1617770322435,19032
6633,1617770323752,19055
6633,1617770328973,19389
6633,1617770331576,19362
6633,1617770332891,19403
6633,1617770334196,19418
6633,1617770335496,19488
6633,1617770336803,19440
6633,1617770343353,19419
6633,1617770349866,19404
6633,1617770352482,19346
6633,1617770353801,19266
6633,1617770355099,19248
6633,1617770356410,9013
6633,1617770357709,12
6633,1617770617880,7791
6633,1617770619194,19945
6633,1617770620493,19928
6633,1617770621799,19805
6633,1617770623124,19511
6633,1617770624416,19523
6633,1617770625725,19511
6633,1617770627024,19501
6633,1617770628339,19484
6633,1617770629638,19461
6633,1617770630950,19443
6633,1617770634865,19418
6633,1617770636165,19402
6633,1617770637478,19391
6633,1617770638780,19348
6633,1617770640090,19293
6633,1617770642708,19236
6633,1617770644010,19212
6633,1617770646623,19189
6633,1617770647951,19167
6633,1617770649536,19106
6633,1617770651286,19078
6633,1617770652676,19089
6633,1617770655310,4290
6633,1617770656601,12
6633,1617770678813,19150
6633,1617770680104,19120
6633,1617770681422,19099
6633,1617770682712,19089
6633,1617770685341,19066
6633,1617770686641,19080
6633,1617770687953,18996
6633,1617770691948,19010
6633,1617770693254,19027
6633,1617770695795,18971
6633,1617770697174,18992
6633,1617770701091,19008
6633,1617770702396,18998
6633,1617770703716,18977
6633,1617770707630,18929
6633,1617770714392,18993
6633,1617770715707,6518
6633,1617770717011,12
6633,1617770745898,0
6636,1617770926887,1239145
6636,1617770928278,0
6632,1617771192919,9115
6632,1617771194217,11658
6632,1617771195530,11638
6632,1617771198143,11626
6632,1617771200758,11666
6632,1617771203370,11726
6632,1617771204675,11711
6634,1617771206243,25
6632,1617771207292,11694
6634,1617771207558,152
6632,1617771208597,11652
6634,1617771208864,97
6632,1617771209921,11634
6634,1617771210166,200
6634,1617771211472,232
6632,1617771212510,11666
6634,1617771212776,190
6632,1617771213840,11731
6634,1617771214087,138
6632,1617771215131,4222
6632,1617771216470,0
6632,1617771220362,6338
6632,1617771221672,7520
6632,1617771222977,7
6632,1617771224287,11683
6632,1617771225590,11973
6632,1617771226911,12053
6632,1617771228204,12254
6632,1617771229506,12318
6634,1617771229762,122
6632,1617771230820,12253
6634,1617771231068,106
6632,1617771232122,12178
6634,1617771232375,49
6634,1617771233676,29
6632,1617771234747,2223
6634,1617771234999,49
6632,1617771236056,10304
6634,1617771236293,160
6632,1617771237351,12073
6634,1617771237598,138
6632,1617771238652,11978
6634,1617771238940,122
6632,1617771239963,1152
6632,1617771241251,374
6634,1617771241525,47
6632,1617771242571,8960
6632,1617771243929,11982
6632,1617771245182,5532
6632,1617771246647,380
6632,1617771248378,7831
6632,1617771249617,12053
6632,1617771250881,9806
6632,1617771252203,421
6634,1617771253445,63
6632,1617771253524,380
6632,1617771254820,11990
6632,1617771256130,11977
6632,1617771258746,381
6632,1617771260051,125
6632,1617771261376,6
6634,1617771263882,83
6634,1617771265207,26
6634,1617771269131,67
6634,1617771270580,83
6632,1617771271761,3842
6632,1617771273059,100
6632,1617771274384,5
6632,1617771278285,7538
6632,1617771279582,12
6632,1617771284830,2788
6632,1617771286577,29
6632,1617771288220,6
6632,1617771290933,1591
6632,1617771292241,6357
6632,1617771293550,8
6634,1617771321428,104
6634,1617771322738,125
6634,1617771324051,64
6634,1617771326692,25
6634,1617771327962,195
6632,1617771329198,3993
6634,1617771329272,233
6632,1617771330498,6
6634,1617771330568,106
6634,1617771331872,125
6634,1617771333194,67
6632,1617771334421,3897
6632,1617771335730,113
6634,1617771335810,91
6632,1617771337039,6
6634,1617771337115,111
6634,1617771338413,133
6634,1617771339703,155
6632,1617771340915,362
6632,1617771342917,12
6634,1617771344936,232
6634,1617771346237,15658
6634,1617771347558,21483
6634,1617771348844,21465
6634,1617771350156,21568
6634,1617771356693,21540
6634,1617771357996,21555
6634,1617771359311,21529
6634,1617771360607,21513
6634,1617771363524,21470
6634,1617771364839,21525
6634,1617771366130,21537
6634,1617771368753,21522
6634,1617771371361,21512
6634,1617771375270,21527
6634,1617771376592,21498
6634,1617771383125,21420
6634,1617771384437,21404
6634,1617771388484,21420
6634,1617771389792,21474
6634,1617771392391,21461
6634,1617771393704,21444
6634,1617771396324,21433
6634,1617771402875,21419
6634,1617771404173,21408
6634,1617771405467,21342
6634,1617771406773,21263
6632,1617771406942,2699
6634,1617771408106,21179
6632,1617771408255,1177
6632,1617771409555,6
6634,1617771409625,21248
6634,1617771412282,21238
6634,1617771413564,21193
6634,1617771414895,21265
6634,1617771417485,21295
6634,1617771418798,21351
6632,1617771420025,3643
6634,1617771420091,21332
6632,1617771421321,258
6634,1617771421394,21272
6632,1617771422644,5
6634,1617771422728,21332
6634,1617771425321,21367
6634,1617771426635,21355
6634,1617771430529,21334
6634,1617771431847,21314
6634,1617771434466,21283
6634,1617771435777,21303
6634,1617771437071,21213
6634,1617771439712,21283
6634,1617771442308,21346
6634,1617771444876,21314
6634,1617771448854,21295
6634,1617771450143,21380
6634,1617771454071,21365
6634,1617771458018,21282
6634,1617771459310,21266
6634,1617771460597,21256
6634,1617771463227,21271
6634,1617771464529,21296
6634,1617771465816,21278
6634,1617771467139,21209
6634,1617771473683,21243
6634,1617771474975,21221
6634,1617771476289,21202
6634,1617771477595,21235
6634,1617771478902,21252
6634,1617771480207,21265
6634,1617771481496,21243
6634,1617771485430,21278
6634,1617771486747,21312
6634,1617771490801,21331
6634,1617771493350,21318
6634,1617771494717,21297
6634,1617771497330,21261
6634,1617771498639,21247
6634,1617771499965,21229
6634,1617771502572,21190
6634,1617771503891,21170
6634,1617771505194,21184
6634,1617771509089,21341
6634,1617771514322,21328
6634,1617771515627,18789
6634,1617771517872,665
6632,1617771690851,6361
6632,1617771692150,1627
6632,1617771693460,6
6632,1617771698676,8836
6632,1617771699996,3016
6632,1617771701303,5
6634,1617771942549,56
6634,1617771943852,170
6634,1617771945160,236
6634,1617771946452,177
6634,1617771947800,323
6634,1617771949077,355
6634,1617771950374,368
6634,1617771951679,343
6634,1617771952985,209
6634,1617771954306,31
6634,1617771963449,85
6634,1617771964750,211
6634,1617771966055,190
6634,1617771967375,140
6634,1617771968668,116
6634,1617771972591,127
6634,1617771973893,88
6634,1617772021064,130
6634,1617772023703,90
6634,1617772025003,47
6634,1617772026310,25
6634,1617772027604,99
6634,1617772028920,208
6634,1617772030241,114
6634,1617772031532,136
6634,1617772032848,102
6634,1617772047214,117
6634,1617772048513,131
6634,1617772055046,144
6634,1617772060275,276
6634,1617772061583,337
6634,1617772062893,347
6634,1617772065520,262
6634,1617772069427,329
6634,1617772070734,593
6634,1617772072053,666
6634,1617772082496,8407
6634,1617772083801,20846
6634,1617772085111,20746
6634,1617772086410,20761
6634,1617772087729,20786
6634,1617772089026,20751
6634,1617772092959,20701
6634,1617772094255,20731
6634,1617772095567,20742
6634,1617772098138,20707
6634,1617772099775,20684
6634,1617772102387,20703
6634,1617772104997,20685
6634,1617772107608,20739
6634,1617772110227,20768
6634,1617772111530,20735
6634,1617772114143,20749
6634,1617772119384,20789
6634,1617772120709,20779
6634,1617772123315,20754
6634,1617772124622,20727
6634,1617772125929,20692
6634,1617772127233,20677
6634,1617772129845,20765
6634,1617772131154,20740
6634,1617772133765,20705
6634,1617772136379,20730
6634,1617772137691,20712
6634,1617772138995,20825
6634,1617772140293,20813
6634,1617772144223,20801
6634,1617772145525,20785
6634,1617772146836,20762
6634,1617772153379,20784
6634,1617772154668,20761
6634,1617772155979,20719
6634,1617772157289,20700
6634,1617772161348,20665
6634,1617772162667,20639
6634,1617772166571,20616
6634,1617772167893,20599
6634,1617772170491,20585
6634,1617772174413,20559
6634,1617772178357,20539
6634,1617772180964,20515
6634,1617772183584,20530
6634,1617772184893,20572
6634,1617772186209,20596
6634,1617772187530,20568
6634,1617772188828,20525
6634,1617772190137,20494
6634,1617772192754,20527
6634,1617772196661,20586
6634,1617772197973,20435
6634,1617772199292,20495
6634,1617772200578,20524
6634,1617772203201,20512
6634,1617772204504,20523
6634,1617772205807,20501
6634,1617772209732,20486
6634,1617772211036,20475
6634,1617772213651,20490
6634,1617772214958,20531
6634,1617772216264,20797
6634,1617772217566,20832
6634,1617772220178,20820
6634,1617772221493,20832
6634,1617772223824,20805
6634,1617772225125,20793
6634,1617772229180,20759
6634,1617772231799,20737
6634,1617772233113,9864
6634,1617772234416,702
6634,1617772281610,744
6634,1617772282934,757
6634,1617772327640,747
6634,1617772342174,758
6634,1617772385292,748
6634,1617772386595,758
6634,1617772430034,747
6634,1617772512458,757
6634,1617772542581,747
6634,1617772543875,758
6634,1617772600362,748
6634,1617772608353,758
6634,1617772651415,748
6634,1617772679006,758
6634,1617772694821,748
6634,1617772702661,759
6634,1617772765400,748
6634,1617772768008,758
6634,1617772795463,747
6634,1617772804737,757
6634,1617773017791,769
6634,1617773032362,759
6634,1617773122945,769
6634,1617773128162,758
6634,1617773133419,768
6634,1617773435332,758
6634,1617773441890,768
6634,1617773481069,6975
6634,1617773482383,20934
6634,1617773483685,20889
6634,1617773485005,20915
6634,1617773486439,20888
6634,1617773487756,20820
6634,1617773491680,20788
6634,1617773494285,20850
6634,1617773495594,20894
6634,1617773498215,20860
6634,1617773499524,20901
6634,1617773502141,20884
6634,1617773503458,20867
6634,1617773512609,20850
6634,1617773513913,20833
6634,1617773520439,20821
6634,1617773523041,20795
6634,1617773528292,20825
6634,1617773530907,20804
6634,1617773532190,20788
6634,1617773534828,20772
6634,1617773536165,20691
6634,1617773539031,20728
6634,1617773541645,20700
6634,1617773543095,20742
6634,1617773545707,20705
6634,1617773548315,20672
6634,1617773549625,20625
6634,1617773552243,20598
6634,1617773554867,20620
6634,1617773556167,20582
6634,1617773557470,20635
6634,1617773560090,20671
6634,1617773561392,20647
6634,1617773562694,20628
6634,1617773565329,20650
6634,1617773566610,20626
6634,1617773567958,20589
6634,1617773570577,20556
6634,1617773575806,20490
6634,1617773577115,20535
6634,1617773578409,20519
6634,1617773579728,20636
6634,1617773581099,20683
6634,1617773582340,20633
6634,1617773586269,20615
6634,1617773587566,20585
6634,1617773589888,20628
6634,1617773591196,20687
6634,1617773592547,20667
6634,1617773593805,20656
6634,1617773595115,20641
6634,1617773596417,20628
6634,1617773601657,20639
6634,1617773602966,20613
6634,1617773604273,20602
6634,1617773609489,20583
6634,1617773612105,20593
6634,1617773614724,20576
6634,1617773617329,20566
6634,1617773618642,20577
6634,1617773621398,20603
6634,1617773625318,20562
6634,1617773626622,20576
6634,1617773630552,20508
6634,1617773634480,20520
6634,1617773635793,20546
6634,1617773637110,20599
6634,1617773638389,20613
6634,1617773639709,20596
6634,1617773641053,20536
6634,1617773643622,20564
6634,1617773644944,20548
6634,1617773646245,20538
6634,1617773648865,20567
6634,1617773650153,20528
6634,1617773651458,20556
6634,1617773652765,20621
6634,1617773654073,20693
6634,1617773655393,20720
6634,1617773657995,20701
6634,1617773660611,20687
6634,1617773665850,20651
6634,1617773668457,20664
6634,1617773669779,20643
6634,1617773672377,20632
6634,1617773673678,20642
6634,1617773677608,20627
6634,1617773678909,20583
6634,1617773680218,20553
6634,1617773681523,20515
6634,1617773682827,20533
6634,1617773685448,20582
6634,1617773689372,20562
6634,1617773690665,20587
6634,1617773691985,20575
6634,1617773694583,20551
6634,1617773699814,20531
6634,1617773701144,20515
6634,1617773702428,20498
6634,1617773705046,20466
6634,1617773706356,20446
6634,1617773707660,20461
6634,1617773711577,20439
6634,1617773712904,20422
6634,1617773714174,20397
6634,1617773715493,20408
6634,1617773716789,20425
6634,1617773719411,20436
6634,1617773720719,20372
6634,1617773722030,20342
6634,1617773724815,20377
6634,1617773727387,20336
6634,1617773728716,20360
6634,1617773730017,20373
6634,1617773732627,20392
6634,1617773733932,20439
6634,1617773735234,20426
6634,1617773736539,20402
6634,1617773739155,20386
6634,1617773740459,20372
6634,1617773741767,20342
6634,1617773743097,20354
6634,1617773744378,20398
6634,1617773747010,20385
6634,1617773749617,7315
6634,1617773750912,724
6634,1617773970802,734
6634,1617773982714,724
6634,1617773989255,734
6634,1617774015388,724
6634,1617774029768,734
6634,1617774049378,723
6634,1617774057214,733
6634,1617774084800,723
6634,1617774109788,735
6634,1617774138850,725
6634,1617774284070,735
6634,1617774285379,723
6634,1617774329804,733
6634,1617774341564,721
6634,1617774342873,732
6634,1617774351950,722
6634,1617774358463,734
6634,1617774361075,724
6634,1617774645183,714
6634,1617774646482,725
6634,1617774749301,713
6634,1617774750602,723
6634,1617775173534,711
6634,1617775174845,722
6634,1617775542132,708
6634,1617775543425,568
6634,1617775544729,508
6634,1617775546033,447
6634,1617775547428,347
6634,1617775548662,304
6634,1617775550127,233
6634,1617775551412,202
6634,1617775552712,174
6634,1617775554025,94
6634,1617775555338,24
6634,1617775556634,87
6634,1617775557940,259
6634,1617775559248,197
6634,1617775560556,168
6634,1617775561862,320
6634,1617775563165,364
6634,1617775564472,374
6634,1617775567086,281
6634,1617775568396,131
6634,1617775569708,34
6634,1617775578925,114
6634,1617775580235,256
6634,1617775581543,271
6634,1617775582852,115
6634,1617775589365,71
6634,1617775590606,88
6634,1617775634075,102
6634,1617775635396,145
6634,1617775636689,66
6634,1617775637936,80
6634,1617775639249,36
6634,1617775640562,156
6634,1617775641858,257
6634,1617775643166,166
6634,1617775644485,151
6634,1617775647092,166
6634,1617775657560,184
6634,1617775658864,384
6634,1617775660187,591
6634,1617775830072,581
6634,1617775953232,472
6634,1617775954533,416
6634,1617775955834,367
6634,1617775957148,283
6634,1617775958543,248
6634,1617775959759,217
6634,1617775961068,163
6634,1617775962374,140
6634,1617775963763,121
6634,1617775964984,25
6634,1617775966436,59
6634,1617775967752,185
6634,1617775969046,243
6634,1617775970354,166
6634,1617775971658,324
6634,1617775972974,372
6634,1617775975653,386
6634,1617775976901,144
6634,1617775978208,54
6634,1617775979517,28
6634,1617775988662,226
6634,1617775990039,266
6634,1617775991340,212
6634,1617775992647,105
6634,1617775997877,88
6634,1617776043555,101
6634,1617776044868,120
6634,1617776046162,65
6634,1617776048788,25
6634,1617776050090,113
6634,1617776051393,255
6634,1617776052697,129
6634,1617776054007,141
6634,1617776055316,114
6634,1617776056624,136
6634,1617776059313,121
6634,1617776060547,131
6634,1617776061852,146
6634,1617776065861,156
6634,1617776068392,356
6634,1617776069700,343
6634,1617776070998,477
6634,1617776072302,584
6634,1617776085100,574
6634,1617776290325,584
6634,1617776362200,551
6634,1617776363510,488
6634,1617776364815,434
6634,1617776366120,337
6634,1617776367422,296
6634,1617776368731,260
6634,1617776370037,197
6634,1617776371345,171
6634,1617776372656,149
6634,1617776373953,110
6634,1617776375264,44
6634,1617776377880,255
6634,1617776379333,269
6634,1617776380633,158
6634,1617776381946,366
6634,1617776385864,330
6634,1617776387164,187
6634,1617776388489,63
6634,1617776389781,29
6634,1617776397625,55
6634,1617776398921,178
6634,1617776400239,261
6634,1617776401540,116
6634,1617776402846,102
6634,1617776409536,86
6634,1617776448754,139
6634,1617776451365,76
6634,1617776452660,54
6634,1617776453982,24
6634,1617776455276,81
6634,1617776456583,258
6634,1617776457898,104
6634,1617776459196,140
6634,1617776460493,70
6634,1617776461816,81
6634,1617776463126,102
6634,1617776464419,159
6634,1617776472264,235
6634,1617776473561,289
6634,1617776474881,313
6634,1617776477488,323
6634,1617776533684,4764
6634,1617776534997,20505
6634,1617776536302,20346
6634,1617776537596,20306
6634,1617776538901,20220
6634,1617776542837,20210
6634,1617776546757,20200
6634,1617776548059,20211
6634,1617776549372,20179
6634,1617776554580,20199
6634,1617776555900,20168
6634,1617776558508,20187
6634,1617776559824,20252
6634,1617776562443,20232
6634,1617776563741,20212
6634,1617776565038,20239
6634,1617776567658,20155
6634,1617776568970,20123
6634,1617776570261,20102
6634,1617776572879,20124
6634,1617776574317,20141
6634,1617776575494,20107
6634,1617776579439,20075
6634,1617776580740,20056
6634,1617776582045,20069
6634,1617776583360,20081
6634,1617776587275,20024
6634,1617776588585,20012
6634,1617776591186,20025
6634,1617776596433,20041
6634,1617776597726,20029
6634,1617776600349,20042
6634,1617776601643,20024
6634,1617776604261,20012
6634,1617776606944,20029
6634,1617776608326,20004
6634,1617776609628,20026
6634,1617776614888,19931
6634,1617776617524,19904
6634,1617776618814,19887
6634,1617776622749,19873
6634,1617776624047,19849
6634,1617776625357,19866
6634,1617776626674,19845
6634,1617776628054,19819
6634,1617776630676,19806
6634,1617776632010,19819
6634,1617776633298,19870
6634,1617776634632,19804
6634,1617776638568,19757
6634,1617776639868,19730
6634,1617776641374,19775
6634,1617776642672,19874
6634,1617776643983,19810
6634,1617776646592,19820
6634,1617776647903,19802
6634,1617776650530,19812
6634,1617776651818,19797
6634,1617776653134,19735
6634,1617776654437,19710
6634,1617776658366,19728
6634,1617776666213,19699
6634,1617776668797,19711
6634,1617776670112,19678
6634,1617776671409,19693
6634,1617776672730,19681
6634,1617776675354,19699
6634,1617776676649,19681
6634,1617776679259,19660
6634,1617776681866,19629
6634,1617776683182,19676
6634,1617776684482,19666
6634,1617776685803,19691
6634,1617776687098,19710
6634,1617776688402,19693
6634,1617776691005,19682
6634,1617776692373,19645
6634,1617776693634,19570
6634,1617776694948,19543
6634,1617776697546,19518
6634,1617776704030,19545
6634,1617776705341,19597
6634,1617776706645,19573
6634,1617776708258,19563
6634,1617776712168,19532
6634,1617776713474,19520
6634,1617776716088,19417
6634,1617776718690,19371
6634,1617776720006,19405
6634,1617776721314,19394
6634,1617776726682,19409
6634,1617776727988,19381
6634,1617776729295,19398
6634,1617776731908,19423
6634,1617776733212,19531
6634,1617776734526,19549
6634,1617776735840,19535
6634,1617776738451,19502
6634,1617776739751,19429
6634,1617776742357,19400
6634,1617776743672,19417
6634,1617776744998,19399
6634,1617776746300,19448
6634,1617776747633,19459
6634,1617776748921,19374
6634,1617776750241,19423
6634,1617776752984,19413
6634,1617776755599,19400
6634,1617776756909,19376
6634,1617776759522,19413
6634,1617776763444,19398
6634,1617776766197,19436
6634,1617776768843,19420
6634,1617776770125,19442
6634,1617776771422,19430
6634,1617776774044,19459
6634,1617776776649,19444
6634,1617776778056,19405
6634,1617776779412,19388
6634,1617776781728,19358
6634,1617776783031,19338
6634,1617776784341,19320
6634,1617776786956,19336
6634,1617776789592,19325
6634,1617776790876,19310
6634,1617776792186,19292
6634,1617776793500,19309
6634,1617776798723,19323
6634,1617776801057,19302
6634,1617776803677,19292
6634,1617776806302,19303
6634,1617776811520,16731
6634,1617776812818,445
6634,1617776814125,321
6634,1617776997635,143
6634,1617776998948,26
6634,1617777000246,252
6634,1617777001550,265
6634,1617777002855,169
6634,1617777004313,320
6634,1617777005610,361
6634,1617777009678,161
6634,1617777010978,95
6634,1617777017576,76
6634,1617777018930,134
6634,1617777020223,76
6634,1617777021520,57
6634,1617777026745,25
6634,1617777037342,109
6634,1617777038654,269
6634,1617777039952,165
6634,1617777041272,109
6634,1617777046551,43
6634,1617777047793,25
6634,1617778494422,250
6634,1617778495737,265
6634,1617778497041,173
6634,1617778498345,125
6634,1617778503705,51
6634,1617778505011,34
6634,1617778514169,18
6634,1617778625292,0
6632,1617785293457,6052
6632,1617785294762,12013
6632,1617785296075,11981
6632,1617785297370,11969
6632,1617785299971,11993
6632,1617785302603,11963
6632,1617785305267,11943
6632,1617785307864,11975
6632,1617785309169,11992
6632,1617785310477,11977
6632,1617785311785,11967
6632,1617785313249,12005
6632,1617785314546,3817
6632,1617785315853,3
6632,1617785320354,4059
6632,1617785322474,5
6632,1617785330602,7437
6632,1617785331911,6
6632,1617785359459,103
6632,1617785360770,11533
6632,1617785362097,12217
6632,1617785363361,12385
6632,1617785364670,12468
6632,1617785365966,2116
6632,1617785367267,12473
6632,1617785371206,3293
6632,1617785372505,9523
6632,1617785373824,12510
6632,1617785375132,767
6632,1617785376440,492
6632,1617785379098,12522
6632,1617785380581,4191
6632,1617785381888,490
6632,1617785384495,7009
6632,1617785386800,500
6632,1617785388103,484
6632,1617785390722,12392
6632,1617785392021,12329
6632,1617785393324,5795
6632,1617785394635,482
6632,1617785395933,4490
6632,1617785397243,12306
6632,1617785398549,11421
6632,1617785399858,650
6632,1617785401163,481
6632,1617785402479,371
6632,1617785403792,7
6632,1617785410573,1156
6632,1617785412025,10670
6632,1617785413321,5
6632,1617785417247,214
6632,1617785418557,11427
6632,1617785419861,4348
6632,1617785421166,5
6632,1617785425230,6269
6632,1617785427686,5
6632,1617785432952,133
6632,1617785434245,6
6632,1617785491920,896
6632,1617785493221,3087
6632,1617785494517,6
6632,1617785499749,16
6632,1617785501048,5
6632,1617785504978,2245
6632,1617785506294,1711
6632,1617785507585,5
6632,1617785534153,11772
6632,1617785535468,11839
6632,1617785536817,11986
6632,1617785538262,6235
6632,1617785539536,6251
6632,1617785540841,12096
6632,1617785543542,11209
6632,1617785544834,633
6632,1617785546416,12080
6632,1617785547794,12070
6632,1617785549011,685
6632,1617785550329,465
6632,1617785551632,3780
6632,1617785552927,12074
6632,1617785554239,5946
6632,1617785555548,462
6632,1617785556853,2626
6632,1617785558155,12177
6632,1617785559469,12217
6632,1617785560765,472
6632,1617785563388,1571
6632,1617785564689,12270
6632,1617785565998,11237
6632,1617785567443,616
6632,1617785568749,737
6632,1617785570068,11846
6632,1617785571657,480
6632,1617785572964,201
6632,1617785574275,5
6632,1617785580958,3884
6632,1617785582254,93
6632,1617785583563,5
6632,1617785587483,11085
6632,1617785588789,342
6632,1617785590104,6
6632,1617785595317,1271
6632,1617785596625,6
6632,1617785601919,7955
6632,1617785603199,5
6632,1617785606352,12071
6632,1617785607778,12137
6632,1617785609518,12309
6632,1617785610827,3935
6632,1617785612126,12237
6632,1617785616049,475
6632,1617785617363,7418
6632,1617785618657,12296
6632,1617785619967,6949
6632,1617785621278,476
6632,1617785623886,12336
6632,1617785626502,4398
6632,1617785627829,471
6632,1617785629134,4893
6632,1617785630445,12385
6632,1617785631764,7383
6632,1617785633058,474
6632,1617785635731,12408
6632,1617785636952,12382
6632,1617785638281,11873
6632,1617785639588,467
6632,1617785640887,2403
6632,1617785642197,12290
6632,1617785643521,2627
6632,1617785644823,411
6632,1617785646108,8
6632,1617785652672,148
6632,1617785653969,11247
6632,1617785655334,6
6632,1617785660512,10113
6632,1617785662116,6
6632,1617785667350,8714
6632,1617785668652,3256
6632,1617785669965,5
6632,1617785673868,3960
6632,1617785675180,17
6632,1617785676491,5
6632,1617785692181,239
6632,1617785693487,6
6632,1617785699001,6439
6632,1617785700321,6
6632,1617785705553,5124
6632,1617785706854,6699
6632,1617785708159,6
6632,1617785712083,3781
6632,1617785713389,11572
6632,1617785715862,5
6634,1617798600249,24
6634,1617798601548,37
6634,1617798602796,145
6634,1617798604080,91
6634,1617798605391,228
6634,1617798608303,171
6634,1617798609527,148
6634,1617798614680,136
6634,1617798625268,124
6634,1617798627903,50
6634,1617798629198,32
6634,1617798631752,133
6634,1617798633106,170
6634,1617798634422,120
6634,1617798636970,48
6634,1617798648907,63
6634,1617798659340,83
6634,1617798660637,25
6634,1617798664567,50
6634,1617798665903,84
6634,1617798718474,127
6634,1617798719791,72
6634,1617798722369,60
6634,1617798723673,177
6634,1617798725005,239
6634,1617798726290,127
6634,1617798728908,100
6634,1617798730145,124
6634,1617798731525,158
6634,1617798740673,199
6634,1617798741980,12588
6634,1617798743300,21497
6634,1617798744521,21560
6634,1617798745821,21600
6634,1617798747139,21580
6634,1617798748489,21592
6634,1617798749834,21581
6634,1617798753789,21550
6634,1617798755110,21508
6634,1617798757699,21482
6634,1617798762751,21444
6634,1617798763985,21494
6634,1617798765371,21505
6634,1617798767897,21522
6634,1617798769203,21535
6634,1617798770506,21476
6634,1617798771817,21455
6634,1617798774431,21470
6634,1617798775741,21493
6634,1617798778343,21518
6634,1617798782271,21498
6634,1617798783569,21513
6634,1617798786259,21476
6634,1617798787573,21432
6634,1617798791497,21457
6634,1617798792802,21435
6634,1617798797956,21423
6634,1617798799351,21441
6634,1617798801949,21455
6634,1617798803184,21440
6634,1617798805797,21413
6634,1617798809711,21474
6634,1617798813634,21456
6634,1617798814934,21488
6634,1617798816281,21424
6634,1617798818871,21400
6634,1617798820187,21346
6634,1617798824096,21321
6634,1617798828108,21301
6634,1617798832027,21273
6634,1617798834569,21253
6634,1617798837184,21270
6634,1617798838495,21235
6634,1617798839800,21224
6634,1617798841283,21302
6634,1617798842585,21322
6634,1617798843896,21365
6634,1617798847846,21378
6634,1617798849125,21360
6634,1617798850434,21302
6634,1617798853058,21240
6634,1617798854357,21226
6634,1617798855652,21142
6634,1617798856962,21083
6634,1617798858281,21125
6634,1617798859577,21152
6634,1617798860893,21162
6634,1617798862194,21136
6634,1617798863507,21156
6634,1617798864807,21141
6634,1617798866133,21103
6634,1617798867402,21083
6634,1617798870015,21060
6634,1617798872645,21049
6634,1617798873946,21066
6634,1617798875269,21129
6634,1617798877867,21153
6634,1617798880494,21125
6634,1617798885694,21046
6634,1617798887008,21029
6634,1617798888337,21016
6634,1617798890935,21000
6634,1617798896165,20984
6634,1617798900072,20996
6634,1617798901444,20976
6634,1617798906725,21013
6634,1617798909349,20990
6634,1617798910649,21010
6634,1617798911944,5637
6634,1617798913260,669
6634,1617798986757,656
6634,1617799040427,668
6634,1617799337139,164
6634,1617799338456,38
6634,1617799339752,240
6634,1617799342393,131
6634,1617799343667,233
6634,1617799344990,344
6634,1617799346288,360
6634,1617799348907,374
6634,1617799350216,324
6634,1617799351510,71
6634,1617799352829,31
6634,1617799361979,64
6634,1617799363276,182
6634,1617799364581,232
6634,1617799365894,138
6634,1617799367206,116
6634,1617799369794,128
6634,1617799372410,89
6634,1617799419416,122
6634,1617799420735,134
6634,1617799422017,103
6634,1617799423327,60
6634,1617799424643,25
6634,1617799425972,83
6634,1617799427249,248
6634,1617799428557,107
6634,1617799429860,135
6634,1617799431168,102
6634,1617799448164,113
6634,1617799449470,124
6634,1617799456033,138
6634,1617799458631,295
6634,1617799461234,322
6634,1617799462543,296
6634,1617799463864,244
6634,1617799465157,263
6634,1617799467778,290
6634,1617799469076,540
6634,1617799470384,677
6634,1617799480840,4155
6634,1617799482159,21279
6634,1617799483454,21208
6634,1617799487374,21268
6634,1617799491285,21251
6634,1617799492618,21237
6634,1617799493901,21226
6634,1617799496524,21148
6634,1617799501761,21135
6634,1617799503075,21118
6634,1617799508276,21092
6634,1617799514821,21060
6634,1617799517439,21072
6634,1617799518731,21130
6634,1617799520039,21109
6634,1617799522667,21090
6634,1617799523948,21079
6634,1617799525270,21062
6634,1617799527870,20997
6634,1617799533123,20963
6634,1617799535732,20942
6634,1617799537046,20959
6634,1617799538356,20946
6634,1617799542277,20932
6634,1617799550119,20985
6634,1617799551433,21039
6634,1617799552736,21023
6634,1617799554029,21008
6634,1617799557946,20938
6634,1617799559287,20863
6634,1617799564585,20839
6634,1617799565791,20849
6634,1617799567091,20830
6634,1617799568413,20818
6634,1617799571041,20804
6634,1617799572322,20793
6634,1617799573747,20782
6634,1617799581465,20843
6634,1617799582782,20856
6634,1617799584089,20816
6634,1617799586795,20775
6634,1617799590703,20702
6634,1617799592004,20717
6634,1617799594624,20695
6634,1617799595919,20711
6634,1617799599784,20727
6634,1617799601158,20765
6634,1617799603702,20783
6634,1617799605011,20753
6634,1617799607617,20780
6634,1617799611542,20798
6634,1617799612847,20816
6634,1617799616759,20797
6634,1617799618080,20757
6634,1617799619378,20743
6634,1617799620682,20776
6634,1617799621996,688
6634,1617799680809,736
6634,1617799695195,746
6634,1617799713498,736
6634,1617799750226,747
6634,1617800188419,760
6634,1617800194959,750
6634,1617800590400,760
6634,1617800599547,750
6634,1617800625677,760
6634,1617800626996,750
6634,1617800877092,3364
6634,1617800878387,20792
6634,1617800879692,20820
6634,1617800882368,20758
6634,1617800883680,20723
6634,1617800884980,20713
6634,1617800891518,20698
6634,1617800895509,20712
6634,1617800899361,20700
6634,1617800900681,20690
6634,1617800903288,20679
6634,1617800907209,20667
6634,1617800908505,20621
6634,1617800909788,20582
6634,1617800912374,20564
6634,1617800913688,20575
6634,1617800914997,20564
6634,1617800918917,20549
6634,1617800921525,20521
6634,1617800922848,20502
6634,1617800925459,20598
6634,1617800926757,20608
6634,1617800928076,20595
6634,1617800930678,20575
6634,1617800934602,20499
6634,1617800935914,20474
6634,1617800942431,20447
6634,1617800946361,20429
6634,1617800952895,20442
6634,1617800955515,20431
6634,1617800956812,20421
6634,1617800959430,20434
6634,1617800960740,20411
6634,1617800962069,20427
6634,1617800963375,20404
6634,1617800964684,20388
6634,1617800966213,20408
6634,1617800970112,20393
6634,1617800972725,20379
6634,1617800974018,20402
6634,1617800976652,20447
6634,1617800977938,20457
6634,1617800980543,20421
6634,1617800983175,20457
6634,1617800984460,20436
6634,1617800985777,20393
6634,1617800987100,20382
6634,1617800988416,20345
6634,1617800991044,20359
6634,1617800992326,20374
6634,1617800996185,20352
6634,1617800997493,20337
6634,1617801000098,20347
6634,1617801004022,20358
6634,1617801005330,20347
6634,1617801006637,20332
6634,1617801007957,20277
6634,1617801009313,20263
6634,1617801011965,20274
6634,1617801013239,20296
6634,1617801016000,20244
6634,1617801019912,20219
6634,1617801023811,20202
6634,1617801025137,20229
6634,1617801026545,20241
6634,1617801027851,20301
6634,1617801030463,20282
6634,1617801033084,20299
6634,1617801035697,20284
6634,1617801036990,20244
6634,1617801038303,20211
6634,1617801040917,20195
6634,1617801043530,20172
6634,1617801047445,20200
6634,1617801048770,20166
6634,1617801051380,20152
6634,1617801054041,20094
6634,1617801055313,20118
6634,1617801056605,20130
6634,1617801057918,20114
6634,1617801060527,20095
6634,1617801063139,20105
6634,1617801067061,20094
6634,1617801070978,20082
6634,1617801077503,20093
6634,1617801079081,20141
6634,1617801080122,20160
6634,1617801081434,20190
6634,1617801082741,20154
6634,1617801086817,20167
6634,1617801088128,20116
6634,1617801089467,20099
6634,1617801093371,20061
6634,1617801098595,20049
6634,1617801101209,20072
6634,1617801102541,20084
6634,1617801106448,20113
6634,1617801107766,20160
6634,1617801110372,20126
6634,1617801114272,20114
6634,1617801115602,20098
6634,1617801116899,20120
6634,1617801120827,20092
6634,1617801123430,20079
6634,1617801126041,20066
6634,1617801127356,20084
6634,1617801128651,20029
6634,1617801131287,20092
6634,1617801132573,20114
6634,1617801135204,20066
6634,1617801136500,20047
6634,1617801139113,20022
6634,1617801140430,20000
6634,1617801141725,724
6634,1617801143043,714
6634,1617801145636,727
6634,1617801170459,715
6634,1617801187456,725
6634,1617801225501,715
6634,1617801305390,727
6634,1617801310615,711
6634,1617801330393,722
6634,1617801571013,712
6634,1617801572319,722
6634,1617801610363,712
6634,1617801623440,723
6634,1617801629959,713
6634,1617801636524,723
6634,1617801663944,713
6634,1617801666553,723
6634,1617801673085,713
6634,1617801686396,723
6634,1617801696774,712
6634,1617801724215,722
6634,1617801737310,711
6634,1617801754379,721
6634,1617801769986,710
6634,1617801793267,723
6634,1617801801087,712
6634,1617802012571,724
6634,1617802013884,711
6634,1617802025333,722
6634,1617802055249,710
6634,1617802115944,720
6634,1617802167086,709
6634,1617802173597,719
6634,1617802208851,709
6634,1617802212769,720
6634,1617802239066,707
6634,1617802241677,717
6634,1617802395941,707
6634,1617802397232,720
6634,1617802455708,708
6634,1617802457014,720
6634,1617802538090,707
6634,1617802541994,719
6634,1617802640891,706
6634,1617802644255,720
6634,1617802645555,710
6634,1617802688753,722
6634,1617802691660,706
6634,1617802699492,719
6634,1617802702114,709
6634,1617802706080,720
6634,1617802707336,709
6634,1617802709945,719
6634,1617802739284,708
6634,1617802745810,720
6634,1617802770416,707
6634,1617802775642,717
6634,1617802780883,704
6634,1617802783562,716
6634,1617802875161,701
6634,1617802876398,713
6634,1617802938425,634
6634,1617802939732,506
6634,1617802941038,451
6634,1617802942348,398
6634,1617802943647,307
6634,1617802944957,267
6634,1617802946455,203
6634,1617802947727,175
6634,1617802949176,152
6634,1617802950866,24
6634,1617802952562,217
6634,1617802954198,260
6634,1617802955431,149
6634,1617802956745,284
6634,1617802958054,359
6634,1617802959393,373
6634,1617802963271,163
6634,1617802964574,49
6634,1617802965891,29
6634,1617802975350,251
6634,1617802976992,184
6634,1617802978365,119
6634,1617802980980,109
6634,1617802984903,87
6634,1617803031175,131
6634,1617803032465,68
6634,1617803035076,32
6634,1617803036406,142
6634,1617803037697,256
6634,1617803039026,142
6634,1617803040306,155
6634,1617803052689,172
6634,1617803054011,302
6634,1617803055307,445
6634,1617803056626,583
6634,1617803347516,532
6634,1617803348822,472
6634,1617803350131,419
6634,1617803351439,324
6634,1617803352744,286
6634,1617803354049,250
6634,1617803355363,189
6634,1617803357019,163
6634,1617803358369,120
6634,1617803359837,103
6634,1617803361157,29
6634,1617803362483,172
6634,1617803363785,257
6634,1617803367978,363
6634,1617803369296,382
6634,1617803373217,87
6634,1617803374522,29
6634,1617803384671,210
6634,1617803385899,233
6634,1617803387193,103
6634,1617803393736,88
6634,1617803438101,100
6634,1617803439407,142
6634,1617803440723,123
6634,1617803442034,44
6634,1617803443326,25
6634,1617803444637,113
6634,1617803445945,214
6634,1617803447248,129
6634,1617803449856,75
6634,1617803451176,95
6634,1617803452909,150
6634,1617803456205,160
6634,1617803462749,529
6634,1617803464039,575
6634,1617803757537,547
6634,1617803758866,487
6634,1617803760160,433
6634,1617803761469,336
6634,1617803762775,297
6634,1617803764081,259
6634,1617803765381,197
6634,1617803766690,170
6634,1617803768000,146
6634,1617803769311,109
6634,1617803770630,51
6634,1617803771922,27
6634,1617803773361,254
6634,1617803774690,269
6634,1617803776049,169
6634,1617803777364,357
6634,1617803778671,370
6634,1617803781309,386
6634,1617803782614,240
6634,1617803783897,104
6634,1617803785206,29
6634,1617803793136,47
6634,1617803794437,164
6634,1617803795747,261
6634,1617803797046,115
6634,1617803799676,104
6634,1617803804975,88
6634,1617803844147,138
6634,1617803846770,84
6634,1617803848087,55
6634,1617803849392,24
6634,1617803850682,77
6634,1617803852024,264
6634,1617803853309,110
6634,1617803854617,141
6634,1617803855909,66
6634,1617803858535,84
6634,1617803859849,110
6634,1617803861157,93
6634,1617803862445,110
6634,1617803867613,148
6634,1617803868929,185
6634,1617803870322,204
6634,1617803875459,231
6634,1617803876755,260
6634,1617803879381,297
6634,1617803880690,307
6634,1617803883289,320
6634,1617803929032,1865
6634,1617803930350,20707
6634,1617803931653,20654
6634,1617803932963,20677
6634,1617803935583,20599
6634,1617803936879,20584
6634,1617803939496,20564
6634,1617803944719,20612
6634,1617803947332,20589
6634,1617803949941,20600
6634,1617803951254,20588
6634,1617803953859,20578
6634,1617803955166,20526
6634,1617803961704,20515
6634,1617803965632,20493
6634,1617803966967,20510
6634,1617803970883,20496
6634,1617803972211,20481
6634,1617803973480,20491
6634,1617803982663,20533
6634,1617803986584,20520
6634,1617803987891,20530
6634,1617803990484,20510
6634,1617803993095,20478
6634,1617803995711,20464
6634,1617803997018,20451
6634,1617803998327,20461
6634,1617804000953,20440
6634,1617804002260,20452
6634,1617804006169,20442
6634,1617804007467,20459
6634,1617804008797,20489
6634,1617804010098,20445
6634,1617804012704,20435
6634,1617804015315,20422
6634,1617804017930,20458
6634,1617804019228,20413
6634,1617804023143,20396
6634,1617804027076,20368
6634,1617804028394,20441
6634,1617804029697,20359
6634,1617804030990,20331
6634,1617804038823,20343
6634,1617804041441,20326
6634,1617804046665,20302
6634,1617804049293,20320
6634,1617804050583,20281
6634,1617804053202,20297
6634,1617804055831,20280
6634,1617804063653,20264
6634,1617804066307,20248
6634,1617804067777,20234
6634,1617804070370,20205
6634,1617804074317,20159
6634,1617804078206,20143
6634,1617804079511,20153
6634,1617804083534,20136
6634,1617804086131,20105
6634,1617804091291,20091
6634,1617804095161,20081
6634,1617804096460,20058
6634,1617804099080,20019
6634,1617804100534,20001
6634,1617804101859,20043
6634,1617804107080,20027
6634,1617804109700,20039
6634,1617804112307,20058
6634,1617804117521,20031
6634,1617804120145,20041
6634,1617804121443,20015
6634,1617804124068,20027
6634,1617804125372,20017
6634,1617804126666,20033
6634,1617804129309,20208
6634,1617804133224,20177
6634,1617804138645,20139
6634,1617804141256,20052
6634,1617804142545,20117
6634,1617804147828,20105
6634,1617804149124,20092
6634,1617804150435,20103
6634,1617804151737,20124
6634,1617804153042,20111
6634,1617804154345,20123
6634,1617804155648,20098
6634,1617804156979,20078
6634,1617804158264,20098
6634,1617804160884,20108
6634,1617804164800,20097
6634,1617804166101,20080
6634,1617804167402,20096
6634,1617804168838,20109
6634,1617804171451,20078
6634,1617804175392,20059
6634,1617804180570,20044
6634,1617804183160,18342
6634,1617804184461,317
6634,1617804393405,166
6634,1617804394704,107
6634,1617804396015,250
6634,1617804397321,265
6634,1617804398640,149
6634,1617804399941,237
6634,1617804401245,333
6634,1617804402551,368
6634,1617804405170,350
6634,1617804406464,102
6634,1617804407780,90
6634,1617804411696,101
6634,1617804414312,138
6634,1617804416924,81
6634,1617804418236,62
6634,1617804423452,27
6634,1617804432997,91
6634,1617804434294,249
6634,1617804435598,269
6634,1617804436900,103
6634,1617804443441,50
6634,1617804444739,24
6634,1617805888741,93
6634,1617805890044,246
6634,1617805891337,262
6634,1617805892655,108
6634,1617805899194,53
6634,1617805900492,28
6634,1617805909684,18
6634,1617806019729,0
6632,1617858306774,5215
6632,1617858308104,12185
6632,1617858309403,12173
6632,1617858310704,12118
6632,1617858312013,12058
6632,1617858314625,12020
6632,1617858315939,12052
6632,1617858318544,12004
6632,1617858319861,12021
6632,1617858321153,12067
6632,1617858322471,12053
6632,1617858326524,531
6632,1617858327843,3
6632,1617858330440,89
6632,1617858331768,6072
6632,1617858333218,12232
6632,1617858334504,12294
6632,1617858335831,12402
6632,1617858337134,12486
6632,1617858338428,12539
6632,1617858339747,12457
6632,1617858341042,12418
6632,1617858342348,5885
6632,1617858343671,510
6632,1617858344956,5584
6632,1617858346269,12348
6632,1617858348885,2874
6632,1617858350196,4264
6632,1617858351490,12420
6632,1617858352800,12396
6632,1617858354110,400
6632,1617858356728,3044
6632,1617858358053,12370
6632,1617858359355,12356
6632,1617858360671,1315
6632,1617858361973,1899
6632,1617858363283,12320
6632,1617858364592,10107
6632,1617858365884,74
6632,1617858367193,6
6632,1617858377647,7334
6632,1617858378961,12040
6632,1617858380261,12023
6632,1617858381732,157
6632,1617858383027,6
6632,1617858386955,218
6632,1617858388253,124
6632,1617858389581,6
6632,1617858441844,2601
6632,1617858443157,936
6632,1617858444477,6
6632,1617858448380,3529
6632,1617858449698,6
6632,1617858454940,3461
6632,1617858456256,6
6632,1617858460173,612
6632,1617858461478,2942
6632,1617858462775,6
6633,1617858515386,13918
6633,1617858517736,20342
6633,1617858518909,20330
6633,1617858520233,20348
6633,1617858522831,20338
6633,1617858524127,20348
6633,1617858525440,20332
6633,1617858528073,20314
6633,1617858531977,20195
6633,1617858534603,20164
6633,1617858535915,20201
6633,1617858537218,20181
6633,1617858538518,20158
6633,1617858539817,20171
6633,1617858541121,20222
6633,1617858542442,20277
6633,1617858543727,20198
6633,1617858546346,20172
6633,1617858547658,20153
6633,1617858548984,20132
6633,1617858550267,20113
6633,1617858551568,20101
6633,1617858552876,20043
6633,1617858555510,20031
6633,1617858556793,20009
6633,1617858559400,19997
6633,1617858560716,19840
6633,1617858562024,19830
6633,1617858564640,19806
6633,1617858569857,19851
6633,1617858571176,19872
6633,1617858572477,19859
6633,1617858573786,19848
6633,1617858576406,19799
6633,1617858577710,19775
6633,1617858580321,19756
6633,1617858585556,19786
6633,1617858586844,19824
6633,1617858588161,19689
6633,1617858592074,19610
6633,1617858593527,19620
6633,1617858596144,19651
6633,1617858597468,19727
6633,1617858598776,19715
6633,1617858602688,19669
6633,1617858603995,19641
6633,1617858605308,19628
6633,1617858606600,19612
6633,1617858611837,19582
6633,1617858613139,19598
6633,1617858614450,19582
6633,1617858615748,19490
6633,1617858617070,19505
6633,1617858618356,19526
6633,1617858619667,19493
6633,1617858624898,19583
6633,1617858626198,19594
6633,1617858631429,19615
6633,1617858632730,19667
6633,1617858635350,19644
6633,1617858643186,19539
6633,1617858645792,19580
6633,1617858647111,19540
6633,1617858648411,19520
6633,1617858649723,19496
6633,1617858652334,19567
6633,1617858653684,19601
6633,1617858654955,19576
6633,1617858656258,19550
6633,1617858657554,19538
6633,1617858658880,19569
6633,1617858660172,19591
6633,1617858661487,19574
6633,1617858662794,19589
6633,1617858664102,19571
6633,1617858665392,19557
6633,1617858668041,19543
6633,1617858669335,19523
6633,1617858670658,19443
6633,1617858674569,19467
6633,1617858677177,19450
6633,1617858678484,19439
6633,1617858679806,19469
6633,1617858681101,19524
6633,1617858682412,19535
6633,1617858683713,19503
6633,1617858686325,19527
6633,1617858690253,19537
6633,1617858694168,19508
6633,1617858695485,19485
6633,1617858696787,19511
6633,1617858698088,19417
6633,1617858699404,19403
6633,1617858702011,19393
6633,1617858705921,19419
6633,1617858707242,19458
6633,1617858708536,19539
6633,1617858711171,19519
6633,1617858716387,19537
6633,1617858718997,19551
6633,1617858724238,19526
6633,1617858725542,19516
6633,1617858726854,19486
6633,1617858729496,19518
6633,1617858733403,19508
6633,1617858734767,19543
6633,1617858736140,19629
6633,1617858737400,19185
6633,1617858738690,10
6632,1617858755039,3560
6632,1617858756324,7
6632,1617858761556,3248
6632,1617858762867,6
6632,1617858768094,3588
6632,1617858769402,6
6633,1617858828486,14855
6633,1617858829799,19905
6633,1617858831100,19818
6633,1617858833719,19795
6633,1617858835037,19785
6633,1617858837643,19702
6633,1617858838947,19
6633,1617858854622,9
6633,1617859038634,19741
6633,1617859039934,19694
6633,1617859041262,19651
6633,1617859042488,19744
6633,1617859043802,19723
6633,1617859045111,19707
6633,1617859046414,12868
6633,1617859047732,12
6633,1617859059150,0
6632,1617859498560,8398
6632,1617859499872,11621
6632,1617859501197,11653
6632,1617859503793,10181
6632,1617859505101,0
6632,1617859509016,519
6632,1617859510315,9675
6632,1617859511673,3249
6632,1617859512933,0
6632,1617859515558,2929
6632,1617859516872,11858
6632,1617859518151,11941
6632,1617859519470,12040
6632,1617859520785,12174
6632,1617859522079,12099
6632,1617859523399,12045
6632,1617859524704,1835
6632,1617859526016,475
6632,1617859527306,1208
6632,1617859528608,12078
6632,1617859529916,5793
6632,1617859531224,476
6632,1617859533841,11387
6632,1617859535148,12054
6632,1617859536461,2598
6632,1617859537761,475
6632,1617859540384,10221
6632,1617859541686,6511
6632,1617859542952,478
6632,1617859545575,9110
6632,1617859546959,12187
6632,1617859549575,478
6632,1617859552103,7927
6632,1617859553416,478
6632,1617859554711,45
6632,1617859556009,6
6632,1617859566601,8189
6632,1617859567921,11745
6632,1617859569320,6414
6632,1617859570608,7
6632,1617859575852,11726
6632,1617859577148,8230
6632,1617859578443,17
6632,1617859579754,5
6632,1617859583704,2269
6632,1617859584988,5
6632,1617860016093,3299
6632,1617860017395,6
6632,1617860022622,3585
6632,1617860023937,6
6633,1617891503797,11
6633,1617891543257,143
6633,1617891544579,19668
6633,1617891545880,19648
6633,1617891547195,19631
6633,1617891548502,19643
6633,1617891549794,19629
6633,1617891551106,19615
6633,1617891552431,19468
6633,1617891553730,19549
6633,1617891556343,19519
6633,1617891560450,5
6632,1617926412759,7118
6632,1617926414058,12043
6632,1617926416675,11992
6632,1617926417978,11974
6632,1617926423221,11989
6632,1617926424530,12013
6632,1617926425833,12034
6632,1617926429766,12046
6632,1617926432364,6851
6632,1617926433678,6
6632,1617926438892,3882
6632,1617926440202,11962
6632,1617926441522,3
6632,1617926444131,6080
6632,1617926445426,0
6632,1617926446740,9812
6632,1617926448048,12145
6632,1617926449366,12349
6632,1617926450803,12450
6632,1617926452107,12501
6632,1617926453446,12426
6632,1617926454959,12408
6632,1617926456383,487
6632,1617926459007,12395
6632,1617926460307,3265
6632,1617926461609,480
6632,1617926464230,6462
6632,1617926465533,9283
6632,1617926466839,480
6632,1617926470759,12388
6632,1617926472054,4680
6632,1617926473372,480
6632,1617926475977,4121
6632,1617926477294,12308
6632,1617926478608,2289
6632,1617926479904,477
6632,1617926482514,12286
6632,1617926483824,12299
6632,1617926485135,6946
6632,1617926486444,477
6632,1617926487742,1888
6632,1617926489048,12287
6632,1617926490360,7628
6632,1617926491663,476
6632,1617926495580,6
6632,1617926496884,323
6632,1617926498201,11584
6632,1617926499510,12095
6632,1617926500803,12151
6632,1617926502115,12284
6632,1617926503416,12427
6632,1617926506036,11476
6632,1617926507334,479
6632,1617926509951,9920
6632,1617926511262,4119
6632,1617926512589,477
6632,1617926515740,459
6632,1617926517528,6
6632,1617926524118,10473
6632,1617926525419,593
6632,1617926526722,5
6632,1617926531947,4348
6632,1617926533300,6
6632,1617926538520,4559
6632,1617926539836,5
6632,1617926545062,6237
6632,1617926546385,1104
6632,1617926547674,6
6632,1617926587074,2287
6632,1617926588397,1386
6632,1617926589723,5
6632,1617926600171,3504
6632,1617926601470,185
6632,1617926602776,6
6632,1617926606707,3633
6632,1617926608010,6
6632,1617926613217,6466
6632,1617926614538,10818
6632,1617926615831,126
6632,1617926618103,5
6632,1617926620718,281
6632,1617926622023,10599
6632,1617926623341,4
6632,1617926627262,159
6632,1617926628556,11424
6632,1617926629856,6667
6632,1617926631188,6
